NIT,RAZON SOCIAL,AÑO,MES,SEECCIONAL,CONSUMO M3 MES ACUEDUCTO,CONSUMO M3 MES ALCANTARILLADO
890.803.239-9,Empresa de Obras Sanitarias de Caldas - Empocaldas S.A E.S.P,2015,ENERO,AGUADAS,42783,40117
890.803.239-9,Empresa de Obras Sanitarias de Caldas - Empocaldas S.A E.S.P,2015,ENERO,ANSERMA,69605,66275
890.803.239-9,Empresa de Obras Sanitarias de Caldas - Empocaldas S.A E.S.P,2015,ENERO,ARAUCA,19360,17158
890.803.239-9,Empresa de Obras Sanitarias de Caldas - Empocaldas S.A E.S.P,2015,ENERO,ARMA,4748,3688
890.803.239-9,Empresa de Obras Sanitarias de Caldas - Empocaldas S.A E.S.P,2015,ENERO,BELALCAZAR,16756,12841
890.803.239-9,Empresa de Obras Sanitarias de Caldas - Empocaldas S.A E.S.P,2015,ENERO,CHINCHINA,248391,227373
890.803.239-9,Empresa de Obras Sanitarias de Caldas - Empocaldas S.A E.S.P,2015,ENERO,FILADELFIA,13722,12505
890.803.239-9,Empresa de Obras Sanitarias de Caldas - Empocaldas S.A E.S.P,2015,ENERO,GUARINOCITO,17959,0
890.803.239-9,Empresa de Obras Sanitarias de Caldas - Empocaldas S.A E.S.P,2015,ENERO,KILOMETRO 41,6355,2818
890.803.239-9,Empresa de Obras Sanitarias de Caldas - Empocaldas S.A E.S.P,2015,ENERO,LA DORADA,410918,350860
890.803.239-9,Empresa de Obras Sanitarias de Caldas - Empocaldas S.A E.S.P,2015,ENERO,MANZANARES,21848,17146
890.803.239-9,Empresa de Obras Sanitarias de Caldas - Empocaldas S.A E.S.P,2015,ENERO,MARMATO,17498,9243
890.803.239-9,Empresa de Obras Sanitarias de Caldas - Empocaldas S.A E.S.P,2015,ENERO,MARQUETALIA,21520,17928
890.803.239-9,Empresa de Obras Sanitarias de Caldas - Empocaldas S.A E.S.P,2015,ENERO,MARULANDA,1928,1858
890.803.239-9,Empresa de Obras Sanitarias de Caldas - Empocaldas S.A E.S.P,2015,ENERO,NEIRA,46833,45502
890.803.239-9,Empresa de Obras Sanitarias de Caldas - Empocaldas S.A E.S.P,2015,ENERO,PALESTINA,20518,16776
890.803.239-9,Empresa de Obras Sanitarias de Caldas - Empocaldas S.A E.S.P,2015,ENERO,RIOSUCIO,77431,72396
890.803.239-9,Empresa de Obras Sanitarias de Caldas - Empocaldas S.A E.S.P,2015,ENERO,RISARALDA,19162,13663
890.803.239-9,Empresa de Obras Sanitarias de Caldas - Empocaldas S.A E.S.P,2015,ENERO,SALAMINA,35497,34661
890.803.239-9,Empresa de Obras Sanitarias de Caldas - Empocaldas S.A E.S.P,2015,ENERO,SAMANA,19228,15861
890.803.239-9,Empresa de Obras Sanitarias de Caldas - Empocaldas S.A E.S.P,2015,ENERO,SAN JOSE,7527,3456
890.803.239-9,Empresa de Obras Sanitarias de Caldas - Empocaldas S.A E.S.P,2015,ENERO,SUPIA,68898,53141
890.803.239-9,Empresa de Obras Sanitarias de Caldas - Empocaldas S.A E.S.P,2015,ENERO,VICTORIA,15464,13232
890.803.239-9,Empresa de Obras Sanitarias de Caldas - Empocaldas S.A E.S.P,2015,ENERO,VITERBO,58606,48749
890.803.239-9,Empresa de Obras Sanitarias de Caldas - Empocaldas S.A E.S.P,2015,FEBRERO,AGUADAS,32134,30127
890.803.239-9,Empresa de Obras Sanitarias de Caldas - Empocaldas S.A E.S.P,2015,FEBRERO,ANSERMA,58503,56006
890.803.239-9,Empresa de Obras Sanitarias de Caldas - Empocaldas S.A E.S.P,2015,FEBRERO,ARAUCA,17955,15800
890.803.239-9,Empresa de Obras Sanitarias de Caldas - Empocaldas S.A E.S.P,2015,FEBRERO,ARMA,4565,3263
890.803.239-9,Empresa de Obras Sanitarias de Caldas - Empocaldas S.A E.S.P,2015,FEBRERO,BELALCAZAR,16148,12498
890.803.239-9,Empresa de Obras Sanitarias de Caldas - Empocaldas S.A E.S.P,2015,FEBRERO,CHINCHINA,271093,248669
890.803.239-9,Empresa de Obras Sanitarias de Caldas - Empocaldas S.A E.S.P,2015,FEBRERO,FILADELFIA,11293,10382
890.803.239-9,Empresa de Obras Sanitarias de Caldas - Empocaldas S.A E.S.P,2015,FEBRERO,GUARINOCITO,15718,0
890.803.239-9,Empresa de Obras Sanitarias de Caldas - Empocaldas S.A E.S.P,2015,FEBRERO,KILOMETRO 41,6050,2692
890.803.239-9,Empresa de Obras Sanitarias de Caldas - Empocaldas S.A E.S.P,2015,FEBRERO,LA DORADA,371313,315838
890.803.239-9,Empresa de Obras Sanitarias de Caldas - Empocaldas S.A E.S.P,2015,FEBRERO,MANZANARES,74382,16438
890.803.239-9,Empresa de Obras Sanitarias de Caldas - Empocaldas S.A E.S.P,2015,FEBRERO,MARMATO,15865,8775
890.803.239-9,Empresa de Obras Sanitarias de Caldas - Empocaldas S.A E.S.P,2015,FEBRERO,MARQUETALIA,18559,15774
890.803.239-9,Empresa de Obras Sanitarias de Caldas - Empocaldas S.A E.S.P,2015,FEBRERO,MARULANDA,1787,1723
890.803.239-9,Empresa de Obras Sanitarias de Caldas - Empocaldas S.A E.S.P,2015,FEBRERO,NEIRA,37137,34723
890.803.239-9,Empresa de Obras Sanitarias de Caldas - Empocaldas S.A E.S.P,2015,FEBRERO,PALESTINA,17753,14310
890.803.239-9,Empresa de Obras Sanitarias de Caldas - Empocaldas S.A E.S.P,2015,FEBRERO,RIOSUCIO,67201,60710
890.803.239-9,Empresa de Obras Sanitarias de Caldas - Empocaldas S.A E.S.P,2015,FEBRERO,RISARALDA,13831,10524
890.803.239-9,Empresa de Obras Sanitarias de Caldas - Empocaldas S.A E.S.P,2015,FEBRERO,SALAMINA,29557,28906
890.803.239-9,Empresa de Obras Sanitarias de Caldas - Empocaldas S.A E.S.P,2015,FEBRERO,SAMANA,16915,14247
890.803.239-9,Empresa de Obras Sanitarias de Caldas - Empocaldas S.A E.S.P,2015,FEBRERO,SAN JOSE,7541,3383
890.803.239-9,Empresa de Obras Sanitarias de Caldas - Empocaldas S.A E.S.P,2015,FEBRERO,SUPIA,56229,43974
890.803.239-9,Empresa de Obras Sanitarias de Caldas - Empocaldas S.A E.S.P,2015,FEBRERO,VICTORIA,13803,11924
890.803.239-9,Empresa de Obras Sanitarias de Caldas - Empocaldas S.A E.S.P,2015,FEBRERO,VITERBO,52073,44832
890.803.239-9,Empresa de Obras Sanitarias de Caldas - Empocaldas S.A E.S.P,2015,MARZO,AGUADAS,38649,36149
890.803.239-9,Empresa de Obras Sanitarias de Caldas - Empocaldas S.A E.S.P,2015,MARZO,ANSERMA,65583,62382
890.803.239-9,Empresa de Obras Sanitarias de Caldas - Empocaldas S.A E.S.P,2015,MARZO,ARAUCA,17209,14987
890.803.239-9,Empresa de Obras Sanitarias de Caldas - Empocaldas S.A E.S.P,2015,MARZO,ARMA,3872,2962
890.803.239-9,Empresa de Obras Sanitarias de Caldas - Empocaldas S.A E.S.P,2015,MARZO,BELALCAZAR,13334,10205
890.803.239-9,Empresa de Obras Sanitarias de Caldas - Empocaldas S.A E.S.P,2015,MARZO,CHINCHINA,243413,225055
890.803.239-9,Empresa de Obras Sanitarias de Caldas - Empocaldas S.A E.S.P,2015,MARZO,FILADELFIA,10486,9644
890.803.239-9,Empresa de Obras Sanitarias de Caldas - Empocaldas S.A E.S.P,2015,MARZO,GUARINOCITO,14902,0
890.803.239-9,Empresa de Obras Sanitarias de Caldas - Empocaldas S.A E.S.P,2015,MARZO,KILOMETRO 41,5270,2515
890.803.239-9,Empresa de Obras Sanitarias de Caldas - Empocaldas S.A E.S.P,2015,MARZO,LA DORADA,446315,381026
890.803.239-9,Empresa de Obras Sanitarias de Caldas - Empocaldas S.A E.S.P,2015,MARZO,MANZANARES,21488,14961
890.803.239-9,Empresa de Obras Sanitarias de Caldas - Empocaldas S.A E.S.P,2015,MARZO,MARMATO,16209,14137
890.803.239-9,Empresa de Obras Sanitarias de Caldas - Empocaldas S.A E.S.P,2015,MARZO,MARQUETALIA,16696,1738
890.803.239-9,Empresa de Obras Sanitarias de Caldas - Empocaldas S.A E.S.P,2015,MARZO,MARULANDA,1808,32919
890.803.239-9,Empresa de Obras Sanitarias de Caldas - Empocaldas S.A E.S.P,2015,MARZO,NEIRA,34791,12833
890.803.239-9,Empresa de Obras Sanitarias de Caldas - Empocaldas S.A E.S.P,2015,MARZO,PALESTINA,15366,53926
890.803.239-9,Empresa de Obras Sanitarias de Caldas - Empocaldas S.A E.S.P,2015,MARZO,RIOSUCIO,57975,11410
890.803.239-9,Empresa de Obras Sanitarias de Caldas - Empocaldas S.A E.S.P,2015,MARZO,RISARALDA,15403,30399
890.803.239-9,Empresa de Obras Sanitarias de Caldas - Empocaldas S.A E.S.P,2015,MARZO,SALAMINA,31094,14058
890.803.239-9,Empresa de Obras Sanitarias de Caldas - Empocaldas S.A E.S.P,2015,MARZO,SAMANA,16757,3178
890.803.239-9,Empresa de Obras Sanitarias de Caldas - Empocaldas S.A E.S.P,2015,MARZO,SAN JOSE,6271,49699
890.803.239-9,Empresa de Obras Sanitarias de Caldas - Empocaldas S.A E.S.P,2015,MARZO,SUPIA,62356,10246
890.803.239-9,Empresa de Obras Sanitarias de Caldas - Empocaldas S.A E.S.P,2015,MARZO,VICTORIA,12016,39127
890.803.239-9,Empresa de Obras Sanitarias de Caldas - Empocaldas S.A E.S.P,2015,MARZO,VITERBO,44868,39407
890.803.239-9,Empresa de Obras Sanitarias de Caldas - Empocaldas S.A E.S.P,2015,ABRIL,AGUADAS,42268,39407
890.803.239-9,Empresa de Obras Sanitarias de Caldas - Empocaldas S.A E.S.P,2015,ABRIL,ANSERMA,65749,62945
890.803.239-9,Empresa de Obras Sanitarias de Caldas - Empocaldas S.A E.S.P,2015,ABRIL,ARAUCA,20639,18207
890.803.239-9,Empresa de Obras Sanitarias de Caldas - Empocaldas S.A E.S.P,2015,ABRIL,ARMA,3464,2910
890.803.239-9,Empresa de Obras Sanitarias de Caldas - Empocaldas S.A E.S.P,2015,ABRIL,BELALCAZAR,13823,10764
890.803.239-9,Empresa de Obras Sanitarias de Caldas - Empocaldas S.A E.S.P,2015,ABRIL,CHINCHINA,301908,279916
890.803.239-9,Empresa de Obras Sanitarias de Caldas - Empocaldas S.A E.S.P,2015,ABRIL,FILADELFIA,12653,11625
890.803.239-9,Empresa de Obras Sanitarias de Caldas - Empocaldas S.A E.S.P,2015,ABRIL,GUARINOCITO,15742,0
890.803.239-9,Empresa de Obras Sanitarias de Caldas - Empocaldas S.A E.S.P,2015,ABRIL,KILOMETRO 41,5879,2792
890.803.239-9,Empresa de Obras Sanitarias de Caldas - Empocaldas S.A E.S.P,2015,ABRIL,LA DORADA,375179,325129
890.803.239-9,Empresa de Obras Sanitarias de Caldas - Empocaldas S.A E.S.P,2015,ABRIL,MANZANARES,19696,15492
890.803.239-9,Empresa de Obras Sanitarias de Caldas - Empocaldas S.A E.S.P,2015,ABRIL,MARMATO,14862,8201
890.803.239-9,Empresa de Obras Sanitarias de Caldas - Empocaldas S.A E.S.P,2015,ABRIL,MARQUETALIA,16481,13920
890.803.239-9,Empresa de Obras Sanitarias de Caldas - Empocaldas S.A E.S.P,2015,ABRIL,MARULANDA,1892,1829
890.803.239-9,Empresa de Obras Sanitarias de Caldas - Empocaldas S.A E.S.P,2015,ABRIL,NEIRA,43377,41368
890.803.239-9,Empresa de Obras Sanitarias de Caldas - Empocaldas S.A E.S.P,2015,ABRIL,PALESTINA,20105,17018
890.803.239-9,Empresa de Obras Sanitarias de Caldas - Empocaldas S.A E.S.P,2015,ABRIL,RIOSUCIO,67525,63249
890.803.239-9,Empresa de Obras Sanitarias de Caldas - Empocaldas S.A E.S.P,2015,ABRIL,RISARALDA,14041,10248
890.803.239-9,Empresa de Obras Sanitarias de Caldas - Empocaldas S.A E.S.P,2015,ABRIL,SALAMINA,31891,31179
890.803.239-9,Empresa de Obras Sanitarias de Caldas - Empocaldas S.A E.S.P,2015,ABRIL,SAMANA,17016,14263
890.803.239-9,Empresa de Obras Sanitarias de Caldas - Empocaldas S.A E.S.P,2015,ABRIL,SAN JOSE,6832,3197
890.803.239-9,Empresa de Obras Sanitarias de Caldas - Empocaldas S.A E.S.P,2015,ABRIL,SUPIA,50335,38081
890.803.239-9,Empresa de Obras Sanitarias de Caldas - Empocaldas S.A E.S.P,2015,ABRIL,VICTORIA,12456,10664
890.803.239-9,Empresa de Obras Sanitarias de Caldas - Empocaldas S.A E.S.P,2015,ABRIL,VITERBO,47907,41278
890.803.239-9,Empresa de Obras Sanitarias de Caldas - Empocaldas S.A E.S.P,2015,MAYO,AGUADAS,31458,29329
890.803.239-9,Empresa de Obras Sanitarias de Caldas - Empocaldas S.A E.S.P,2015,MAYO,ANSERMA,63398,60551
890.803.239-9,Empresa de Obras Sanitarias de Caldas - Empocaldas S.A E.S.P,2015,MAYO,ARAUCA,16499,14010
890.803.239-9,Empresa de Obras Sanitarias de Caldas - Empocaldas S.A E.S.P,2015,MAYO,ARMA,4072,3061
890.803.239-9,Empresa de Obras Sanitarias de Caldas - Empocaldas S.A E.S.P,2015,MAYO,BELALCAZAR,15875,12300
890.803.239-9,Empresa de Obras Sanitarias de Caldas - Empocaldas S.A E.S.P,2015,MAYO,CHINCHINA,253349,234144
890.803.239-9,Empresa de Obras Sanitarias de Caldas - Empocaldas S.A E.S.P,2015,MAYO,FILADELFIA,12825,11292
890.803.239-9,Empresa de Obras Sanitarias de Caldas - Empocaldas S.A E.S.P,2015,MAYO,GUARINOCITO,15673,0
890.803.239-9,Empresa de Obras Sanitarias de Caldas - Empocaldas S.A E.S.P,2015,MAYO,KILOMETRO 41,5769,2676
890.803.239-9,Empresa de Obras Sanitarias de Caldas - Empocaldas S.A E.S.P,2015,MAYO,LA DORADA,385870,329919
890.803.239-9,Empresa de Obras Sanitarias de Caldas - Empocaldas S.A E.S.P,2015,MAYO,MANZANARES,22055,17493
890.803.239-9,Empresa de Obras Sanitarias de Caldas - Empocaldas S.A E.S.P,2015,MAYO,MARMATO,15753,9012
890.803.239-9,Empresa de Obras Sanitarias de Caldas - Empocaldas S.A E.S.P,2015,MAYO,MARQUETALIA,20330,17161
890.803.239-9,Empresa de Obras Sanitarias de Caldas - Empocaldas S.A E.S.P,2015,MAYO,MARULANDA,1881,1804
890.803.239-9,Empresa de Obras Sanitarias de Caldas - Empocaldas S.A E.S.P,2015,MAYO,NEIRA,39973,37596
890.803.239-9,Empresa de Obras Sanitarias de Caldas - Empocaldas S.A E.S.P,2015,MAYO,PALESTINA,15567,12797
890.803.239-9,Empresa de Obras Sanitarias de Caldas - Empocaldas S.A E.S.P,2015,MAYO,RIOSUCIO,58027,53729
890.803.239-9,Empresa de Obras Sanitarias de Caldas - Empocaldas S.A E.S.P,2015,MAYO,RISARALDA,14224,10482
890.803.239-9,Empresa de Obras Sanitarias de Caldas - Empocaldas S.A E.S.P,2015,MAYO,SALAMINA,31750,30962
890.803.239-9,Empresa de Obras Sanitarias de Caldas - Empocaldas S.A E.S.P,2015,MAYO,SAMANA,17354,14538
890.803.239-9,Empresa de Obras Sanitarias de Caldas - Empocaldas S.A E.S.P,2015,MAYO,SAN JOSE,6850,3272
890.803.239-9,Empresa de Obras Sanitarias de Caldas - Empocaldas S.A E.S.P,2015,MAYO,SUPIA,57781,44790
890.803.239-9,Empresa de Obras Sanitarias de Caldas - Empocaldas S.A E.S.P,2015,MAYO,VICTORIA,11053,9408
890.803.239-9,Empresa de Obras Sanitarias de Caldas - Empocaldas S.A E.S.P,2015,MAYO,VITERBO,52528,46412
890.803.239-9,Empresa de Obras Sanitarias de Caldas - Empocaldas S.A E.S.P,2015,JUNIO,AGUADAS,40000,37588
890.803.239-9,Empresa de Obras Sanitarias de Caldas - Empocaldas S.A E.S.P,2015,JUNIO,ANSERMA,65422,62258
890.803.239-9,Empresa de Obras Sanitarias de Caldas - Empocaldas S.A E.S.P,2015,JUNIO,ARAUCA,17898,15604
890.803.239-9,Empresa de Obras Sanitarias de Caldas - Empocaldas S.A E.S.P,2015,JUNIO,ARMA,4254,3474
890.803.239-9,Empresa de Obras Sanitarias de Caldas - Empocaldas S.A E.S.P,2015,JUNIO,BELALCAZAR,14060,10975
890.803.239-9,Empresa de Obras Sanitarias de Caldas - Empocaldas S.A E.S.P,2015,JUNIO,CHINCHINA,253835,232236
890.803.239-9,Empresa de Obras Sanitarias de Caldas - Empocaldas S.A E.S.P,2015,JUNIO,FILADELFIA,11655,10547
890.803.239-9,Empresa de Obras Sanitarias de Caldas - Empocaldas S.A E.S.P,2015,JUNIO,GUARINOCITO,16828,0
890.803.239-9,Empresa de Obras Sanitarias de Caldas - Empocaldas S.A E.S.P,2015,JUNIO,KILOMETRO 41,6233,2870
890.803.239-9,Empresa de Obras Sanitarias de Caldas - Empocaldas S.A E.S.P,2015,JUNIO,LA DORADA,431904,365157
890.803.239-9,Empresa de Obras Sanitarias de Caldas - Empocaldas S.A E.S.P,2015,JUNIO,MANZANARES,22758,18415
890.803.239-9,Empresa de Obras Sanitarias de Caldas - Empocaldas S.A E.S.P,2015,JUNIO,MARMATO,14158,8355
890.803.239-9,Empresa de Obras Sanitarias de Caldas - Empocaldas S.A E.S.P,2015,JUNIO,MARQUETALIA,17628,14427
890.803.239-9,Empresa de Obras Sanitarias de Caldas - Empocaldas S.A E.S.P,2015,JUNIO,MARULANDA,1775,1711
890.803.239-9,Empresa de Obras Sanitarias de Caldas - Empocaldas S.A E.S.P,2015,JUNIO,NEIRA,40246,37644
890.803.239-9,Empresa de Obras Sanitarias de Caldas - Empocaldas S.A E.S.P,2015,JUNIO,PALESTINA,17712,14828
890.803.239-9,Empresa de Obras Sanitarias de Caldas - Empocaldas S.A E.S.P,2015,JUNIO,RIOSUCIO,61535,57502
890.803.239-9,Empresa de Obras Sanitarias de Caldas - Empocaldas S.A E.S.P,2015,JUNIO,RISARALDA,16436,12755
890.803.239-9,Empresa de Obras Sanitarias de Caldas - Empocaldas S.A E.S.P,2015,JUNIO,SALAMINA,31592,30801
890.803.239-9,Empresa de Obras Sanitarias de Caldas - Empocaldas S.A E.S.P,2015,JUNIO,SAMANA,22672,19181
890.803.239-9,Empresa de Obras Sanitarias de Caldas - Empocaldas S.A E.S.P,2015,JUNIO,SAN JOSE,7151,3402
890.803.239-9,Empresa de Obras Sanitarias de Caldas - Empocaldas S.A E.S.P,2015,JUNIO,SUPIA,63895,49542
890.803.239-9,Empresa de Obras Sanitarias de Caldas - Empocaldas S.A E.S.P,2015,JUNIO,VICTORIA,14718,12469
890.803.239-9,Empresa de Obras Sanitarias de Caldas - Empocaldas S.A E.S.P,2015,JUNIO,VITERBO,50945,44016
890.803.239-9,Empresa de Obras Sanitarias de Caldas - Empocaldas S.A E.S.P,2015,JULIO,AGUADAS,38621,36509
890.803.239-9,Empresa de Obras Sanitarias de Caldas - Empocaldas S.A E.S.P,2015,JULIO,ANSERMA,64516,61688
890.803.239-9,Empresa de Obras Sanitarias de Caldas - Empocaldas S.A E.S.P,2015,JULIO,ARAUCA,17868,0
890.803.239-9,Empresa de Obras Sanitarias de Caldas - Empocaldas S.A E.S.P,2015,JULIO,ARMA,4111,3331
890.803.239-9,Empresa de Obras Sanitarias de Caldas - Empocaldas S.A E.S.P,2015,JULIO,BELALCAZAR,13994,10669
890.803.239-9,Empresa de Obras Sanitarias de Caldas - Empocaldas S.A E.S.P,2015,JULIO,CHINCHINA,279466,257437
890.803.239-9,Empresa de Obras Sanitarias de Caldas - Empocaldas S.A E.S.P,2015,JULIO,FILADELFIA,10281,10178
890.803.239-9,Empresa de Obras Sanitarias de Caldas - Empocaldas S.A E.S.P,2015,JULIO,GUARINOCITO,16702,0
890.803.239-9,Empresa de Obras Sanitarias de Caldas - Empocaldas S.A E.S.P,2015,JULIO,KILOMETRO 41,6044,2797
890.803.239-9,Empresa de Obras Sanitarias de Caldas - Empocaldas S.A E.S.P,2015,JULIO,LA DORADA,385097,322279
890.803.239-9,Empresa de Obras Sanitarias de Caldas - Empocaldas S.A E.S.P,2015,JULIO,MANZANARES,23821,0
890.803.239-9,Empresa de Obras Sanitarias de Caldas - Empocaldas S.A E.S.P,2015,JULIO,MARMATO,14988,8735
890.803.239-9,Empresa de Obras Sanitarias de Caldas - Empocaldas S.A E.S.P,2015,JULIO,MARQUETALIA,20551,17109
890.803.239-9,Empresa de Obras Sanitarias de Caldas - Empocaldas S.A E.S.P,2015,JULIO,MARULANDA,1802,1742
890.803.239-9,Empresa de Obras Sanitarias de Caldas - Empocaldas S.A E.S.P,2015,JULIO,NEIRA,36858,0
890.803.239-9,Empresa de Obras Sanitarias de Caldas - Empocaldas S.A E.S.P,2015,JULIO,PALESTINA,19699,16055
890.803.239-9,Empresa de Obras Sanitarias de Caldas - Empocaldas S.A E.S.P,2015,JULIO,RIOSUCIO,66402,61831
890.803.239-9,Empresa de Obras Sanitarias de Caldas - Empocaldas S.A E.S.P,2015,JULIO,RISARALDA,15935,12204
890.803.239-9,Empresa de Obras Sanitarias de Caldas - Empocaldas S.A E.S.P,2015,JULIO,SALAMINA,33610,32743
890.803.239-9,Empresa de Obras Sanitarias de Caldas - Empocaldas S.A E.S.P,2015,JULIO,SAMANA,17498,14369
890.803.239-9,Empresa de Obras Sanitarias de Caldas - Empocaldas S.A E.S.P,2015,JULIO,SAN JOSE,7004,3438
890.803.239-9,Empresa de Obras Sanitarias de Caldas - Empocaldas S.A E.S.P,2015,JULIO,SUPIA,62950,48110
890.803.239-9,Empresa de Obras Sanitarias de Caldas - Empocaldas S.A E.S.P,2015,JULIO,VICTORIA,15969,13556
890.803.239-9,Empresa de Obras Sanitarias de Caldas - Empocaldas S.A E.S.P,2015,JULIO,VITERBO,47001,40410
890.803.239-9,Empresa de Obras Sanitarias de Caldas - Empocaldas S.A E.S.P,2015,AGOSTO,AGUADAS,37972,35296
890.803.239-9,Empresa de Obras Sanitarias de Caldas - Empocaldas S.A E.S.P,2015,AGOSTO,ANSERMA,68925,66300
890.803.239-9,Empresa de Obras Sanitarias de Caldas - Empocaldas S.A E.S.P,2015,AGOSTO,ARAUCA,18829,16692
890.803.239-9,Empresa de Obras Sanitarias de Caldas - Empocaldas S.A E.S.P,2015,AGOSTO,ARMA,4645,3553
890.803.239-9,Empresa de Obras Sanitarias de Caldas - Empocaldas S.A E.S.P,2015,AGOSTO,BELALCAZAR,18143,13412
890.803.239-9,Empresa de Obras Sanitarias de Caldas - Empocaldas S.A E.S.P,2015,AGOSTO,CHINCHINA,266915,250449
890.803.239-9,Empresa de Obras Sanitarias de Caldas - Empocaldas S.A E.S.P,2015,AGOSTO,FILADELFIA,13326,12430
890.803.239-9,Empresa de Obras Sanitarias de Caldas - Empocaldas S.A E.S.P,2015,AGOSTO,GUARINOCITO,19701,0
890.803.239-9,Empresa de Obras Sanitarias de Caldas - Empocaldas S.A E.S.P,2015,AGOSTO,KILOMETRO 41,6377,2863
890.803.239-9,Empresa de Obras Sanitarias de Caldas - Empocaldas S.A E.S.P,2015,AGOSTO,LA DORADA,420841,357659
890.803.239-9,Empresa de Obras Sanitarias de Caldas - Empocaldas S.A E.S.P,2015,AGOSTO,MANZANARES,21405,17303
890.803.239-9,Empresa de Obras Sanitarias de Caldas - Empocaldas S.A E.S.P,2015,AGOSTO,MARMATO,15281,9077
890.803.239-9,Empresa de Obras Sanitarias de Caldas - Empocaldas S.A E.S.P,2015,AGOSTO,MARQUETALIA,22581,18730
890.803.239-9,Empresa de Obras Sanitarias de Caldas - Empocaldas S.A E.S.P,2015,AGOSTO,MARULANDA,2045,1959
890.803.239-9,Empresa de Obras Sanitarias de Caldas - Empocaldas S.A E.S.P,2015,AGOSTO,NEIRA,41712,39107
890.803.239-9,Empresa de Obras Sanitarias de Caldas - Empocaldas S.A E.S.P,2015,AGOSTO,PALESTINA,18284,15454
890.803.239-9,Empresa de Obras Sanitarias de Caldas - Empocaldas S.A E.S.P,2015,AGOSTO,RIOSUCIO,68900,65115
890.803.239-9,Empresa de Obras Sanitarias de Caldas - Empocaldas S.A E.S.P,2015,AGOSTO,RISARALDA,17531,12569
890.803.239-9,Empresa de Obras Sanitarias de Caldas - Empocaldas S.A E.S.P,2015,AGOSTO,SALAMINA,33700,33077
890.803.239-9,Empresa de Obras Sanitarias de Caldas - Empocaldas S.A E.S.P,2015,AGOSTO,SAMANA,19858,15637
890.803.239-9,Empresa de Obras Sanitarias de Caldas - Empocaldas S.A E.S.P,2015,AGOSTO,SAN JOSE,7400,3747
890.803.239-9,Empresa de Obras Sanitarias de Caldas - Empocaldas S.A E.S.P,2015,AGOSTO,SUPIA,72936,55816
890.803.239-9,Empresa de Obras Sanitarias de Caldas - Empocaldas S.A E.S.P,2015,AGOSTO,VICTORIA,14419,12190
890.803.239-9,Empresa de Obras Sanitarias de Caldas - Empocaldas S.A E.S.P,2015,AGOSTO,VITERBO,54659,47405
890.803.239-9,Empresa de Obras Sanitarias de Caldas - Empocaldas S.A E.S.P,2015,SEPTIEMBRE,AGUADAS,45015,42406
890.803.239-9,Empresa de Obras Sanitarias de Caldas - Empocaldas S.A E.S.P,2015,SEPTIEMBRE,ANSERMA,70553,67722
890.803.239-9,Empresa de Obras Sanitarias de Caldas - Empocaldas S.A E.S.P,2015,SEPTIEMBRE,ARAUCA,18291,16143
890.803.239-9,Empresa de Obras Sanitarias de Caldas - Empocaldas S.A E.S.P,2015,SEPTIEMBRE,ARMA,4403,3259
890.803.239-9,Empresa de Obras Sanitarias de Caldas - Empocaldas S.A E.S.P,2015,SEPTIEMBRE,BELALCAZAR,17497,12678
890.803.239-9,Empresa de Obras Sanitarias de Caldas - Empocaldas S.A E.S.P,2015,SEPTIEMBRE,CHINCHINA,273566,257829
890.803.239-9,Empresa de Obras Sanitarias de Caldas - Empocaldas S.A E.S.P,2015,SEPTIEMBRE,FILADELFIA,11442,10367
890.803.239-9,Empresa de Obras Sanitarias de Caldas - Empocaldas S.A E.S.P,2015,SEPTIEMBRE,GUARINOCITO,16716,0
890.803.239-9,Empresa de Obras Sanitarias de Caldas - Empocaldas S.A E.S.P,2015,SEPTIEMBRE,KILOMETRO 41,6434,2858
890.803.239-9,Empresa de Obras Sanitarias de Caldas - Empocaldas S.A E.S.P,2015,SEPTIEMBRE,LA DORADA,403916,339685
890.803.239-9,Empresa de Obras Sanitarias de Caldas - Empocaldas S.A E.S.P,2015,SEPTIEMBRE,MANZANARES,24166,19750
890.803.239-9,Empresa de Obras Sanitarias de Caldas - Empocaldas S.A E.S.P,2015,SEPTIEMBRE,MARMATO,18063,9063
890.803.239-9,Empresa de Obras Sanitarias de Caldas - Empocaldas S.A E.S.P,2015,SEPTIEMBRE,MARQUETALIA,20976,16571
890.803.239-9,Empresa de Obras Sanitarias de Caldas - Empocaldas S.A E.S.P,2015,SEPTIEMBRE,MARULANDA,2224,2165
890.803.239-9,Empresa de Obras Sanitarias de Caldas - Empocaldas S.A E.S.P,2015,SEPTIEMBRE,NEIRA,40513,38215
890.803.239-9,Empresa de Obras Sanitarias de Caldas - Empocaldas S.A E.S.P,2015,SEPTIEMBRE,PALESTINA,18201,14868
890.803.239-9,Empresa de Obras Sanitarias de Caldas - Empocaldas S.A E.S.P,2015,SEPTIEMBRE,RIOSUCIO,73019,68862
890.803.239-9,Empresa de Obras Sanitarias de Caldas - Empocaldas S.A E.S.P,2015,SEPTIEMBRE,RISARALDA,17017,11712
890.803.239-9,Empresa de Obras Sanitarias de Caldas - Empocaldas S.A E.S.P,2015,SEPTIEMBRE,SALAMINA,30417,29807
890.803.239-9,Empresa de Obras Sanitarias de Caldas - Empocaldas S.A E.S.P,2015,SEPTIEMBRE,SAMANA,19871,16662
890.803.239-9,Empresa de Obras Sanitarias de Caldas - Empocaldas S.A E.S.P,2015,SEPTIEMBRE,SAN JOSE,8023,3524
890.803.239-9,Empresa de Obras Sanitarias de Caldas - Empocaldas S.A E.S.P,2015,SEPTIEMBRE,SUPIA,63002,49234
890.803.239-9,Empresa de Obras Sanitarias de Caldas - Empocaldas S.A E.S.P,2015,SEPTIEMBRE,VICTORIA,12876,11076
890.803.239-9,Empresa de Obras Sanitarias de Caldas - Empocaldas S.A E.S.P,2015,SEPTIEMBRE,VITERBO,53355,46165
890.803.239-9,Empresa de Obras Sanitarias de Caldas - Empocaldas S.A E.S.P,2015,OCTUBRE,AGUADAS,40961,38024
890.803.239-9,Empresa de Obras Sanitarias de Caldas - Empocaldas S.A E.S.P,2015,OCTUBRE,ANSERMA,69334,65896
890.803.239-9,Empresa de Obras Sanitarias de Caldas - Empocaldas S.A E.S.P,2015,OCTUBRE,ARAUCA,17703,15469
890.803.239-9,Empresa de Obras Sanitarias de Caldas - Empocaldas S.A E.S.P,2015,OCTUBRE,ARMA,4248,3010
890.803.239-9,Empresa de Obras Sanitarias de Caldas - Empocaldas S.A E.S.P,2015,OCTUBRE,BELALCAZAR,17542,11719
890.803.239-9,Empresa de Obras Sanitarias de Caldas - Empocaldas S.A E.S.P,2015,OCTUBRE,CHINCHINA,292088,275924
890.803.239-9,Empresa de Obras Sanitarias de Caldas - Empocaldas S.A E.S.P,2015,OCTUBRE,FILADELFIA,12544,11538
890.803.239-9,Empresa de Obras Sanitarias de Caldas - Empocaldas S.A E.S.P,2015,OCTUBRE,GUARINOCITO,16093,0
890.803.239-9,Empresa de Obras Sanitarias de Caldas - Empocaldas S.A E.S.P,2015,OCTUBRE,KILOMETRO 41,5590,2438
890.803.239-9,Empresa de Obras Sanitarias de Caldas - Empocaldas S.A E.S.P,2015,OCTUBRE,LA DORADA,412159,343495
890.803.239-9,Empresa de Obras Sanitarias de Caldas - Empocaldas S.A E.S.P,2015,OCTUBRE,MANZANARES,22205,17841
890.803.239-9,Empresa de Obras Sanitarias de Caldas - Empocaldas S.A E.S.P,2015,OCTUBRE,MARMATO,13848,8084
890.803.239-9,Empresa de Obras Sanitarias de Caldas - Empocaldas S.A E.S.P,2015,OCTUBRE,MARQUETALIA,19845,15655
890.803.239-9,Empresa de Obras Sanitarias de Caldas - Empocaldas S.A E.S.P,2015,OCTUBRE,MARULANDA,1985,1927
890.803.239-9,Empresa de Obras Sanitarias de Caldas - Empocaldas S.A E.S.P,2015,OCTUBRE,NEIRA,39579,37369
890.803.239-9,Empresa de Obras Sanitarias de Caldas - Empocaldas S.A E.S.P,2015,OCTUBRE,PALESTINA,18717,14968
890.803.239-9,Empresa de Obras Sanitarias de Caldas - Empocaldas S.A E.S.P,2015,OCTUBRE,RIOSUCIO,54448,50676
890.803.239-9,Empresa de Obras Sanitarias de Caldas - Empocaldas S.A E.S.P,2015,OCTUBRE,RISARALDA,17332,12306
890.803.239-9,Empresa de Obras Sanitarias de Caldas - Empocaldas S.A E.S.P,2015,OCTUBRE,SALAMINA,25938,25507
890.803.239-9,Empresa de Obras Sanitarias de Caldas - Empocaldas S.A E.S.P,2015,OCTUBRE,SAMANA,18589,14897
890.803.239-9,Empresa de Obras Sanitarias de Caldas - Empocaldas S.A E.S.P,2015,OCTUBRE,SAN JOSE,9089,3448
890.803.239-9,Empresa de Obras Sanitarias de Caldas - Empocaldas S.A E.S.P,2015,OCTUBRE,SUPIA,61253,48293
890.803.239-9,Empresa de Obras Sanitarias de Caldas - Empocaldas S.A E.S.P,2015,OCTUBRE,VICTORIA,14541,12492
890.803.239-9,Empresa de Obras Sanitarias de Caldas - Empocaldas S.A E.S.P,2015,OCTUBRE,VITERBO,49917,42888
890.803.239-9,Empresa de Obras Sanitarias de Caldas - Empocaldas S.A E.S.P,2015,NOVIEMBRE,AGUADAS,32117,29756
890.803.239-9,Empresa de Obras Sanitarias de Caldas - Empocaldas S.A E.S.P,2015,NOVIEMBRE,ANSERMA,56800,53890
890.803.239-9,Empresa de Obras Sanitarias de Caldas - Empocaldas S.A E.S.P,2015,NOVIEMBRE,ARAUCA,20207,17920
890.803.239-9,Empresa de Obras Sanitarias de Caldas - Empocaldas S.A E.S.P,2015,NOVIEMBRE,ARMA,4912,3129
890.803.239-9,Empresa de Obras Sanitarias de Caldas - Empocaldas S.A E.S.P,2015,NOVIEMBRE,BELALCAZAR,15479,11532
890.803.239-9,Empresa de Obras Sanitarias de Caldas - Empocaldas S.A E.S.P,2015,NOVIEMBRE,CHINCHINA,256294,242426
890.803.239-9,Empresa de Obras Sanitarias de Caldas - Empocaldas S.A E.S.P,2015,NOVIEMBRE,FILADELFIA,12074,11164
890.803.239-9,Empresa de Obras Sanitarias de Caldas - Empocaldas S.A E.S.P,2015,NOVIEMBRE,GUARINOCITO,15214,0
890.803.239-9,Empresa de Obras Sanitarias de Caldas - Empocaldas S.A E.S.P,2015,NOVIEMBRE,KILOMETRO 41,6286,2875
890.803.239-9,Empresa de Obras Sanitarias de Caldas - Empocaldas S.A E.S.P,2015,NOVIEMBRE,LA DORADA,387996,325834
890.803.239-9,Empresa de Obras Sanitarias de Caldas - Empocaldas S.A E.S.P,2015,NOVIEMBRE,MANZANARES,20513,16597
890.803.239-9,Empresa de Obras Sanitarias de Caldas - Empocaldas S.A E.S.P,2015,NOVIEMBRE,MARMATO,14287,8162
890.803.239-9,Empresa de Obras Sanitarias de Caldas - Empocaldas S.A E.S.P,2015,NOVIEMBRE,MARQUETALIA,19512,15842
890.803.239-9,Empresa de Obras Sanitarias de Caldas - Empocaldas S.A E.S.P,2015,NOVIEMBRE,MARULANDA,1972,1918
890.803.239-9,Empresa de Obras Sanitarias de Caldas - Empocaldas S.A E.S.P,2015,NOVIEMBRE,NEIRA,41305,39079
890.803.239-9,Empresa de Obras Sanitarias de Caldas - Empocaldas S.A E.S.P,2015,NOVIEMBRE,PALESTINA,20749,17389
890.803.239-9,Empresa de Obras Sanitarias de Caldas - Empocaldas S.A E.S.P,2015,NOVIEMBRE,RIOSUCIO,57926,54220
890.803.239-9,Empresa de Obras Sanitarias de Caldas - Empocaldas S.A E.S.P,2015,NOVIEMBRE,RISARALDA,15851,11191
890.803.239-9,Empresa de Obras Sanitarias de Caldas - Empocaldas S.A E.S.P,2015,NOVIEMBRE,SALAMINA,32071,31498
890.803.239-9,Empresa de Obras Sanitarias de Caldas - Empocaldas S.A E.S.P,2015,NOVIEMBRE,SAMANA,18426,15346
890.803.239-9,Empresa de Obras Sanitarias de Caldas - Empocaldas S.A E.S.P,2015,NOVIEMBRE,SAN JOSE,8166,3267
890.803.239-9,Empresa de Obras Sanitarias de Caldas - Empocaldas S.A E.S.P,2015,NOVIEMBRE,SUPIA,55794,42882
890.803.239-9,Empresa de Obras Sanitarias de Caldas - Empocaldas S.A E.S.P,2015,NOVIEMBRE,VICTORIA,11939,10225
890.803.239-9,Empresa de Obras Sanitarias de Caldas - Empocaldas S.A E.S.P,2015,NOVIEMBRE,VITERBO,49336,43259
890.803.239-9,Empresa de Obras Sanitarias de Caldas - Empocaldas S.A E.S.P,2015,DICIEMBRE,AGUADAS,40045,37313
890.803.239-9,Empresa de Obras Sanitarias de Caldas - Empocaldas S.A E.S.P,2015,DICIEMBRE,ANSERMA,70630,67488
890.803.239-9,Empresa de Obras Sanitarias de Caldas - Empocaldas S.A E.S.P,2015,DICIEMBRE,ARAUCA,15824,13778
890.803.239-9,Empresa de Obras Sanitarias de Caldas - Empocaldas S.A E.S.P,2015,DICIEMBRE,ARMA,4479,3046
890.803.239-9,Empresa de Obras Sanitarias de Caldas - Empocaldas S.A E.S.P,2015,DICIEMBRE,BELALCAZAR,15407,11844
890.803.239-9,Empresa de Obras Sanitarias de Caldas - Empocaldas S.A E.S.P,2015,DICIEMBRE,CHINCHINA,245366,229789
890.803.239-9,Empresa de Obras Sanitarias de Caldas - Empocaldas S.A E.S.P,2015,DICIEMBRE,FILADELFIA,13504,12687
890.803.239-9,Empresa de Obras Sanitarias de Caldas - Empocaldas S.A E.S.P,2015,DICIEMBRE,GUARINOCITO,13936,0
890.803.239-9,Empresa de Obras Sanitarias de Caldas - Empocaldas S.A E.S.P,2015,DICIEMBRE,KILOMETRO 41,5005,2277
890.803.239-9,Empresa de Obras Sanitarias de Caldas - Empocaldas S.A E.S.P,2015,DICIEMBRE,LA DORADA,367061,293819
890.803.239-9,Empresa de Obras Sanitarias de Caldas - Empocaldas S.A E.S.P,2015,DICIEMBRE,MANZANARES,20385,16443
890.803.239-9,Empresa de Obras Sanitarias de Caldas - Empocaldas S.A E.S.P,2015,DICIEMBRE,MARMATO,12905,7399
890.803.239-9,Empresa de Obras Sanitarias de Caldas - Empocaldas S.A E.S.P,2015,DICIEMBRE,MARQUETALIA,18417,14966
890.803.239-9,Empresa de Obras Sanitarias de Caldas - Empocaldas S.A E.S.P,2015,DICIEMBRE,MARULANDA,1640,1598
890.803.239-9,Empresa de Obras Sanitarias de Caldas - Empocaldas S.A E.S.P,2015,DICIEMBRE,NEIRA,39087,36573
890.803.239-9,Empresa de Obras Sanitarias de Caldas - Empocaldas S.A E.S.P,2015,DICIEMBRE,PALESTINA,14887,12723
890.803.239-9,Empresa de Obras Sanitarias de Caldas - Empocaldas S.A E.S.P,2015,DICIEMBRE,RIOSUCIO,56324,52662
890.803.239-9,Empresa de Obras Sanitarias de Caldas - Empocaldas S.A E.S.P,2015,DICIEMBRE,RISARALDA,15552,11003
890.803.239-9,Empresa de Obras Sanitarias de Caldas - Empocaldas S.A E.S.P,2015,DICIEMBRE,SALAMINA,29378,28896
890.803.239-9,Empresa de Obras Sanitarias de Caldas - Empocaldas S.A E.S.P,2015,DICIEMBRE,SAMANA,17006,14087
890.803.239-9,Empresa de Obras Sanitarias de Caldas - Empocaldas S.A E.S.P,2015,DICIEMBRE,SAN JOSE,8348,3341
890.803.239-9,Empresa de Obras Sanitarias de Caldas - Empocaldas S.A E.S.P,2015,DICIEMBRE,SUPIA,53253,40937
890.803.239-9,Empresa de Obras Sanitarias de Caldas - Empocaldas S.A E.S.P,2015,DICIEMBRE,VICTORIA,14337,12219
890.803.239-9,Empresa de Obras Sanitarias de Caldas - Empocaldas S.A E.S.P,2015,DICIEMBRE,VITERBO,48256,31164
890.803.239-9,Empresa de Obras Sanitarias de Caldas - Empocaldas S.A E.S.P,2016,ENERO,AGUADAS,48487,44703
890.803.239-9,Empresa de Obras Sanitarias de Caldas - Empocaldas S.A E.S.P,2016,ENERO,ANSERMA,71007,68088
890.803.239-9,Empresa de Obras Sanitarias de Caldas - Empocaldas S.A E.S.P,2016,ENERO,ARAUCA,19943,17588
890.803.239-9,Empresa de Obras Sanitarias de Caldas - Empocaldas S.A E.S.P,2016,ENERO,ARMA,6378,4072
890.803.239-9,Empresa de Obras Sanitarias de Caldas - Empocaldas S.A E.S.P,2016,ENERO,BELALCAZAR,20202,14453
890.803.239-9,Empresa de Obras Sanitarias de Caldas - Empocaldas S.A E.S.P,2016,ENERO,CHINCHINA,279223,258015
890.803.239-9,Empresa de Obras Sanitarias de Caldas - Empocaldas S.A E.S.P,2016,ENERO,FILADELFIA,13196,11860
890.803.239-9,Empresa de Obras Sanitarias de Caldas - Empocaldas S.A E.S.P,2016,ENERO,GUARINOCITO,19490,0
890.803.239-9,Empresa de Obras Sanitarias de Caldas - Empocaldas S.A E.S.P,2016,ENERO,KILOMETRO 41,7186,2983
890.803.239-9,Empresa de Obras Sanitarias de Caldas - Empocaldas S.A E.S.P,2016,ENERO,LA DORADA,443758,371810
890.803.239-9,Empresa de Obras Sanitarias de Caldas - Empocaldas S.A E.S.P,2016,ENERO,MANZANARES,22632,18363
890.803.239-9,Empresa de Obras Sanitarias de Caldas - Empocaldas S.A E.S.P,2016,ENERO,MARMATO,13834,8225
890.803.239-9,Empresa de Obras Sanitarias de Caldas - Empocaldas S.A E.S.P,2016,ENERO,MARQUETALIA,25064,20435
890.803.239-9,Empresa de Obras Sanitarias de Caldas - Empocaldas S.A E.S.P,2016,ENERO,MARULANDA,2070,2008
890.803.239-9,Empresa de Obras Sanitarias de Caldas - Empocaldas S.A E.S.P,2016,ENERO,NEIRA,46201,43633
890.803.239-9,Empresa de Obras Sanitarias de Caldas - Empocaldas S.A E.S.P,2016,ENERO,PALESTINA,21415,17381
890.803.239-9,Empresa de Obras Sanitarias de Caldas - Empocaldas S.A E.S.P,2016,ENERO,RIOSUCIO,64283,59984
890.803.239-9,Empresa de Obras Sanitarias de Caldas - Empocaldas S.A E.S.P,2016,ENERO,RISARALDA,20691,13585
890.803.239-9,Empresa de Obras Sanitarias de Caldas - Empocaldas S.A E.S.P,2016,ENERO,SALAMINA,32127,31606
890.803.239-9,Empresa de Obras Sanitarias de Caldas - Empocaldas S.A E.S.P,2016,ENERO,SAMANA,19198,15881
890.803.239-9,Empresa de Obras Sanitarias de Caldas - Empocaldas S.A E.S.P,2016,ENERO,SAN JOSE,10560,4150
890.803.239-9,Empresa de Obras Sanitarias de Caldas - Empocaldas S.A E.S.P,2016,ENERO,SUPIA,67650,52128
890.803.239-9,Empresa de Obras Sanitarias de Caldas - Empocaldas S.A E.S.P,2016,ENERO,VICTORIA,15004,12741
890.803.239-9,Empresa de Obras Sanitarias de Caldas - Empocaldas S.A E.S.P,2016,ENERO,VITERBO,49960,41001
890.803.239-9,Empresa de Obras Sanitarias de Caldas - Empocaldas S.A E.S.P,2016,FEBRERO,AGUADAS,35563,32621
890.803.239-9,Empresa de Obras Sanitarias de Caldas - Empocaldas S.A E.S.P,2016,FEBRERO,ANSERMA,63718,61055
890.803.239-9,Empresa de Obras Sanitarias de Caldas - Empocaldas S.A E.S.P,2016,FEBRERO,ARAUCA,17548,15386
890.803.239-9,Empresa de Obras Sanitarias de Caldas - Empocaldas S.A E.S.P,2016,FEBRERO,ARMA,5620,3025
890.803.239-9,Empresa de Obras Sanitarias de Caldas - Empocaldas S.A E.S.P,2016,FEBRERO,BELALCAZAR,15913,11597
890.803.239-9,Empresa de Obras Sanitarias de Caldas - Empocaldas S.A E.S.P,2016,FEBRERO,CHINCHINA,296308,273058
890.803.239-9,Empresa de Obras Sanitarias de Caldas - Empocaldas S.A E.S.P,2016,FEBRERO,FILADELFIA,11391,10398
890.803.239-9,Empresa de Obras Sanitarias de Caldas - Empocaldas S.A E.S.P,2016,FEBRERO,GUARINOCITO,17392,0
890.803.239-9,Empresa de Obras Sanitarias de Caldas - Empocaldas S.A E.S.P,2016,FEBRERO,KILOMETRO 41,5986,2598
890.803.239-9,Empresa de Obras Sanitarias de Caldas - Empocaldas S.A E.S.P,2016,FEBRERO,LA DORADA,411821,342944
890.803.239-9,Empresa de Obras Sanitarias de Caldas - Empocaldas S.A E.S.P,2016,FEBRERO,MANZANARES,19981,15908
890.803.239-9,Empresa de Obras Sanitarias de Caldas - Empocaldas S.A E.S.P,2016,FEBRERO,MARMATO,15866,9195
890.803.239-9,Empresa de Obras Sanitarias de Caldas - Empocaldas S.A E.S.P,2016,FEBRERO,MARQUETALIA,19277,15541
890.803.239-9,Empresa de Obras Sanitarias de Caldas - Empocaldas S.A E.S.P,2016,FEBRERO,MARULANDA,1827,1777
890.803.239-9,Empresa de Obras Sanitarias de Caldas - Empocaldas S.A E.S.P,2016,FEBRERO,NEIRA,32194,29526
890.803.239-9,Empresa de Obras Sanitarias de Caldas - Empocaldas S.A E.S.P,2016,FEBRERO,PALESTINA,17866,14495
890.803.239-9,Empresa de Obras Sanitarias de Caldas - Empocaldas S.A E.S.P,2016,FEBRERO,RIOSUCIO,62608,58348
890.803.239-9,Empresa de Obras Sanitarias de Caldas - Empocaldas S.A E.S.P,2016,FEBRERO,RISARALDA,17454,11567
890.803.239-9,Empresa de Obras Sanitarias de Caldas - Empocaldas S.A E.S.P,2016,FEBRERO,SALAMINA,24682,24220
890.803.239-9,Empresa de Obras Sanitarias de Caldas - Empocaldas S.A E.S.P,2016,FEBRERO,SAMANA,20055,16696
890.803.239-9,Empresa de Obras Sanitarias de Caldas - Empocaldas S.A E.S.P,2016,FEBRERO,SAN JOSE,8706,3832
890.803.239-9,Empresa de Obras Sanitarias de Caldas - Empocaldas S.A E.S.P,2016,FEBRERO,SUPIA,61907,47433
890.803.239-9,Empresa de Obras Sanitarias de Caldas - Empocaldas S.A E.S.P,2016,FEBRERO,VICTORIA,14064,11880
890.803.239-9,Empresa de Obras Sanitarias de Caldas - Empocaldas S.A E.S.P,2016,FEBRERO,VITERBO,53886,45828
890.803.239-9,Empresa de Obras Sanitarias de Caldas - Empocaldas S.A E.S.P,2016,MARZO,AGUADAS,31733,28633
890.803.239-9,Empresa de Obras Sanitarias de Caldas - Empocaldas S.A E.S.P,2016,MARZO,ANSERMA,53982,51668
890.803.239-9,Empresa de Obras Sanitarias de Caldas - Empocaldas S.A E.S.P,2016,MARZO,ARAUCA,16710,14519
890.803.239-9,Empresa de Obras Sanitarias de Caldas - Empocaldas S.A E.S.P,2016,MARZO,ARMA,5383,3029
890.803.239-9,Empresa de Obras Sanitarias de Caldas - Empocaldas S.A E.S.P,2016,MARZO,BELALCAZAR,12810,9687
890.803.239-9,Empresa de Obras Sanitarias de Caldas - Empocaldas S.A E.S.P,2016,MARZO,CHINCHINA,259439,242647
890.803.239-9,Empresa de Obras Sanitarias de Caldas - Empocaldas S.A E.S.P,2016,MARZO,FILADELFIA,10285,9438
890.803.239-9,Empresa de Obras Sanitarias de Caldas - Empocaldas S.A E.S.P,2016,MARZO,GUARINOCITO,14914,0
890.803.239-9,Empresa de Obras Sanitarias de Caldas - Empocaldas S.A E.S.P,2016,MARZO,KILOMETRO 41,5947,2538
890.803.239-9,Empresa de Obras Sanitarias de Caldas - Empocaldas S.A E.S.P,2016,MARZO,LA DORADA,331206,255617
890.803.239-9,Empresa de Obras Sanitarias de Caldas - Empocaldas S.A E.S.P,2016,MARZO,MANZANARES,18420,14992
890.803.239-9,Empresa de Obras Sanitarias de Caldas - Empocaldas S.A E.S.P,2016,MARZO,MARMATO,13518,11173
890.803.239-9,Empresa de Obras Sanitarias de Caldas - Empocaldas S.A E.S.P,2016,MARZO,MARQUETALIA,16575,13441
890.803.239-9,Empresa de Obras Sanitarias de Caldas - Empocaldas S.A E.S.P,2016,MARZO,MARULANDA,1697,1658
890.803.239-9,Empresa de Obras Sanitarias de Caldas - Empocaldas S.A E.S.P,2016,MARZO,NEIRA,41293,39082
890.803.239-9,Empresa de Obras Sanitarias de Caldas - Empocaldas S.A E.S.P,2016,MARZO,PALESTINA,15578,13202
890.803.239-9,Empresa de Obras Sanitarias de Caldas - Empocaldas S.A E.S.P,2016,MARZO,RIOSUCIO,53799,50134
890.803.239-9,Empresa de Obras Sanitarias de Caldas - Empocaldas S.A E.S.P,2016,MARZO,RISARALDA,14122,9628
890.803.239-9,Empresa de Obras Sanitarias de Caldas - Empocaldas S.A E.S.P,2016,MARZO,SALAMINA,30331,29676
890.803.239-9,Empresa de Obras Sanitarias de Caldas - Empocaldas S.A E.S.P,2016,MARZO,SAMANA,16064,13226
890.803.239-9,Empresa de Obras Sanitarias de Caldas - Empocaldas S.A E.S.P,2016,MARZO,SAN JOSE,7609,2949
890.803.239-9,Empresa de Obras Sanitarias de Caldas - Empocaldas S.A E.S.P,2016,MARZO,SUPIA,52437,45153
890.803.239-9,Empresa de Obras Sanitarias de Caldas - Empocaldas S.A E.S.P,2016,MARZO,VICTORIA,16342,14504
890.803.239-9,Empresa de Obras Sanitarias de Caldas - Empocaldas S.A E.S.P,2016,MARZO,VITERBO,44758,28481
890.803.239-9,Empresa de Obras Sanitarias de Caldas - Empocaldas S.A E.S.P,2016,ABRIL,AGUADAS,41124,37569
890.803.239-9,Empresa de Obras Sanitarias de Caldas - Empocaldas S.A E.S.P,2016,ABRIL,ANSERMA,68603,65819
890.803.239-9,Empresa de Obras Sanitarias de Caldas - Empocaldas S.A E.S.P,2016,ABRIL,ARAUCA,19304,16841
890.803.239-9,Empresa de Obras Sanitarias de Caldas - Empocaldas S.A E.S.P,2016,ABRIL,ARMA,4845,2919
890.803.239-9,Empresa de Obras Sanitarias de Caldas - Empocaldas S.A E.S.P,2016,ABRIL,BELALCAZAR,16172,12289
890.803.239-9,Empresa de Obras Sanitarias de Caldas - Empocaldas S.A E.S.P,2016,ABRIL,CHINCHINA,268755,253282
890.803.239-9,Empresa de Obras Sanitarias de Caldas - Empocaldas S.A E.S.P,2016,ABRIL,FILADELFIA,12151,11078
890.803.239-9,Empresa de Obras Sanitarias de Caldas - Empocaldas S.A E.S.P,2016,ABRIL,GUARINOCITO,14072,0
890.803.239-9,Empresa de Obras Sanitarias de Caldas - Empocaldas S.A E.S.P,2016,ABRIL,KILOMETRO 41,6694,2851
890.803.239-9,Empresa de Obras Sanitarias de Caldas - Empocaldas S.A E.S.P,2016,ABRIL,LA DORADA,399817,324821
890.803.239-9,Empresa de Obras Sanitarias de Caldas - Empocaldas S.A E.S.P,2016,ABRIL,MANZANARES,22026,17928
890.803.239-9,Empresa de Obras Sanitarias de Caldas - Empocaldas S.A E.S.P,2016,ABRIL,MARMATO,15100,12628
890.803.239-9,Empresa de Obras Sanitarias de Caldas - Empocaldas S.A E.S.P,2016,ABRIL,MARQUETALIA,19959,16522
890.803.239-9,Empresa de Obras Sanitarias de Caldas - Empocaldas S.A E.S.P,2016,ABRIL,MARULANDA,2000,1949
890.803.239-9,Empresa de Obras Sanitarias de Caldas - Empocaldas S.A E.S.P,2016,ABRIL,NEIRA,39127,40105
890.803.239-9,Empresa de Obras Sanitarias de Caldas - Empocaldas S.A E.S.P,2016,ABRIL,PALESTINA,19308,15870
890.803.239-9,Empresa de Obras Sanitarias de Caldas - Empocaldas S.A E.S.P,2016,ABRIL,RIOSUCIO,59395,55199
890.803.239-9,Empresa de Obras Sanitarias de Caldas - Empocaldas S.A E.S.P,2016,ABRIL,RISARALDA,17944,12171
890.803.239-9,Empresa de Obras Sanitarias de Caldas - Empocaldas S.A E.S.P,2016,ABRIL,SALAMINA,27727,27222
890.803.239-9,Empresa de Obras Sanitarias de Caldas - Empocaldas S.A E.S.P,2016,ABRIL,SAMANA,19293,15905
890.803.239-9,Empresa de Obras Sanitarias de Caldas - Empocaldas S.A E.S.P,2016,ABRIL,SAN JOSE,9743,3641
890.803.239-9,Empresa de Obras Sanitarias de Caldas - Empocaldas S.A E.S.P,2016,ABRIL,SUPIA,60957,48434
890.803.239-9,Empresa de Obras Sanitarias de Caldas - Empocaldas S.A E.S.P,2016,ABRIL,VICTORIA,12193,10402
890.803.239-9,Empresa de Obras Sanitarias de Caldas - Empocaldas S.A E.S.P,2016,ABRIL,VITERBO,58832,50955
890.803.239-9,Empresa de Obras Sanitarias de Caldas - Empocaldas S.A E.S.P,2016,MAYO,AGUADAS,36743,35109
890.803.239-9,Empresa de Obras Sanitarias de Caldas - Empocaldas S.A E.S.P,2016,MAYO,ANSERMA,64249,54832
890.803.239-9,Empresa de Obras Sanitarias de Caldas - Empocaldas S.A E.S.P,2016,MAYO,ARAUCA,15676,14874
890.803.239-9,Empresa de Obras Sanitarias de Caldas - Empocaldas S.A E.S.P,2016,MAYO,ARMA,4774,3131
890.803.239-9,Empresa de Obras Sanitarias de Caldas - Empocaldas S.A E.S.P,2016,MAYO,BELALCAZAR,13618,11743
890.803.239-9,Empresa de Obras Sanitarias de Caldas - Empocaldas S.A E.S.P,2016,MAYO,CHINCHINA,252137,242199
890.803.239-9,Empresa de Obras Sanitarias de Caldas - Empocaldas S.A E.S.P,2016,MAYO,FILADELFIA,11561,10410
890.803.239-9,Empresa de Obras Sanitarias de Caldas - Empocaldas S.A E.S.P,2016,MAYO,GUARINOCITO,15282,0
890.803.239-9,Empresa de Obras Sanitarias de Caldas - Empocaldas S.A E.S.P,2016,MAYO,KILOMETRO 41,5557,2646
890.803.239-9,Empresa de Obras Sanitarias de Caldas - Empocaldas S.A E.S.P,2016,MAYO,LA DORADA,381133,320310
890.803.239-9,Empresa de Obras Sanitarias de Caldas - Empocaldas S.A E.S.P,2016,MAYO,MANZANARES,19267,17468
890.803.239-9,Empresa de Obras Sanitarias de Caldas - Empocaldas S.A E.S.P,2016,MAYO,MARMATO,13694,7918
890.803.239-9,Empresa de Obras Sanitarias de Caldas - Empocaldas S.A E.S.P,2016,MAYO,MARQUETALIA,18614,15543
890.803.239-9,Empresa de Obras Sanitarias de Caldas - Empocaldas S.A E.S.P,2016,MAYO,MARULANDA,1704,1703
890.803.239-9,Empresa de Obras Sanitarias de Caldas - Empocaldas S.A E.S.P,2016,MAYO,NEIRA,38027,36464
890.803.239-9,Empresa de Obras Sanitarias de Caldas - Empocaldas S.A E.S.P,2016,MAYO,PALESTINA,14140,15462
890.803.239-9,Empresa de Obras Sanitarias de Caldas - Empocaldas S.A E.S.P,2016,MAYO,RIOSUCIO,51676,55877
890.803.239-9,Empresa de Obras Sanitarias de Caldas - Empocaldas S.A E.S.P,2016,MAYO,RISARALDA,14135,10767
890.803.239-9,Empresa de Obras Sanitarias de Caldas - Empocaldas S.A E.S.P,2016,MAYO,SALAMINA,28165,32030
890.803.239-9,Empresa de Obras Sanitarias de Caldas - Empocaldas S.A E.S.P,2016,MAYO,SAMANA,15030,15930
890.803.239-9,Empresa de Obras Sanitarias de Caldas - Empocaldas S.A E.S.P,2016,MAYO,SAN JOSE,7706,3204
890.803.239-9,Empresa de Obras Sanitarias de Caldas - Empocaldas S.A E.S.P,2016,MAYO,SUPIA,57447,45488
890.803.239-9,Empresa de Obras Sanitarias de Caldas - Empocaldas S.A E.S.P,2016,MAYO,VICTORIA,10494,12766
890.803.239-9,Empresa de Obras Sanitarias de Caldas - Empocaldas S.A E.S.P,2016,MAYO,VITERBO,40341,44154
890.803.239-9,Empresa de Obras Sanitarias de Caldas - Empocaldas S.A E.S.P,2016,JUNIO,AGUADAS,38046,35065
890.803.239-9,Empresa de Obras Sanitarias de Caldas - Empocaldas S.A E.S.P,2016,JUNIO,ANSERMA,59350,57032
890.803.239-9,Empresa de Obras Sanitarias de Caldas - Empocaldas S.A E.S.P,2016,JUNIO,ARAUCA,17478,15340
890.803.239-9,Empresa de Obras Sanitarias de Caldas - Empocaldas S.A E.S.P,2016,JUNIO,ARMA,4708,3200
890.803.239-9,Empresa de Obras Sanitarias de Caldas - Empocaldas S.A E.S.P,2016,JUNIO,BELALCAZAR,14623,10913
890.803.239-9,Empresa de Obras Sanitarias de Caldas - Empocaldas S.A E.S.P,2016,JUNIO,CHINCHINA,273590,253273
890.803.239-9,Empresa de Obras Sanitarias de Caldas - Empocaldas S.A E.S.P,2016,JUNIO,FILADELFIA,11103,10312
890.803.239-9,Empresa de Obras Sanitarias de Caldas - Empocaldas S.A E.S.P,2016,JUNIO,GUARINOCITO,16353,0
890.803.239-9,Empresa de Obras Sanitarias de Caldas - Empocaldas S.A E.S.P,2016,JUNIO,KILOMETRO 41,5833,2726
890.803.239-9,Empresa de Obras Sanitarias de Caldas - Empocaldas S.A E.S.P,2016,JUNIO,LA DORADA,372783,333272
890.803.239-9,Empresa de Obras Sanitarias de Caldas - Empocaldas S.A E.S.P,2016,JUNIO,MANZANARES,19835,16027
890.803.239-9,Empresa de Obras Sanitarias de Caldas - Empocaldas S.A E.S.P,2016,JUNIO,MARMATO,14048,8173
890.803.239-9,Empresa de Obras Sanitarias de Caldas - Empocaldas S.A E.S.P,2016,JUNIO,MARQUETALIA,20006,16449
890.803.239-9,Empresa de Obras Sanitarias de Caldas - Empocaldas S.A E.S.P,2016,JUNIO,MARULANDA,1802,1768
890.803.239-9,Empresa de Obras Sanitarias de Caldas - Empocaldas S.A E.S.P,2016,JUNIO,NEIRA,35986,33834
890.803.239-9,Empresa de Obras Sanitarias de Caldas - Empocaldas S.A E.S.P,2016,JUNIO,PALESTINA,16384,13952
890.803.239-9,Empresa de Obras Sanitarias de Caldas - Empocaldas S.A E.S.P,2016,JUNIO,RIOSUCIO,57778,53889
890.803.239-9,Empresa de Obras Sanitarias de Caldas - Empocaldas S.A E.S.P,2016,JUNIO,RISARALDA,14848,11050
890.803.239-9,Empresa de Obras Sanitarias de Caldas - Empocaldas S.A E.S.P,2016,JUNIO,SALAMINA,27568,26882
890.803.239-9,Empresa de Obras Sanitarias de Caldas - Empocaldas S.A E.S.P,2016,JUNIO,SAMANA,16627,13953
890.803.239-9,Empresa de Obras Sanitarias de Caldas - Empocaldas S.A E.S.P,2016,JUNIO,SAN JOSE,7468,3364
890.803.239-9,Empresa de Obras Sanitarias de Caldas - Empocaldas S.A E.S.P,2016,JUNIO,SUPIA,59117,46023
890.803.239-9,Empresa de Obras Sanitarias de Caldas - Empocaldas S.A E.S.P,2016,JUNIO,VICTORIA,13113,11299
890.803.239-9,Empresa de Obras Sanitarias de Caldas - Empocaldas S.A E.S.P,2016,JUNIO,VITERBO,51867,45229
890.803.239-9,Empresa de Obras Sanitarias de Caldas - Empocaldas S.A E.S.P,2016,JULIO,AGUADAS,38468,35109
890.803.239-9,Empresa de Obras Sanitarias de Caldas - Empocaldas S.A E.S.P,2016,JULIO,ANSERMA,56843,54832
890.803.239-9,Empresa de Obras Sanitarias de Caldas - Empocaldas S.A E.S.P,2016,JULIO,ARAUCA,17031,14874
890.803.239-9,Empresa de Obras Sanitarias de Caldas - Empocaldas S.A E.S.P,2016,JULIO,ARMA,5088,3131
890.803.239-9,Empresa de Obras Sanitarias de Caldas - Empocaldas S.A E.S.P,2016,JULIO,BELALCAZAR,15316,11743
890.803.239-9,Empresa de Obras Sanitarias de Caldas - Empocaldas S.A E.S.P,2016,JULIO,CHINCHINA,261698,242199
890.803.239-9,Empresa de Obras Sanitarias de Caldas - Empocaldas S.A E.S.P,2016,JULIO,FILADELFIA,11197,10410
890.803.239-9,Empresa de Obras Sanitarias de Caldas - Empocaldas S.A E.S.P,2016,JULIO,GUARINOCITO,15465,0
890.803.239-9,Empresa de Obras Sanitarias de Caldas - Empocaldas S.A E.S.P,2016,JULIO,KILOMETRO 41,6153,2646
890.803.239-9,Empresa de Obras Sanitarias de Caldas - Empocaldas S.A E.S.P,2016,JULIO,LA DORADA,386945,320310
890.803.239-9,Empresa de Obras Sanitarias de Caldas - Empocaldas S.A E.S.P,2016,JULIO,MANZANARES,21635,17468
890.803.239-9,Empresa de Obras Sanitarias de Caldas - Empocaldas S.A E.S.P,2016,JULIO,MARMATO,14059,7918
890.803.239-9,Empresa de Obras Sanitarias de Caldas - Empocaldas S.A E.S.P,2016,JULIO,MARQUETALIA,19085,15543
890.803.239-9,Empresa de Obras Sanitarias de Caldas - Empocaldas S.A E.S.P,2016,JULIO,MARULANDA,1741,1703
890.803.239-9,Empresa de Obras Sanitarias de Caldas - Empocaldas S.A E.S.P,2016,JULIO,NEIRA,39544,36464
890.803.239-9,Empresa de Obras Sanitarias de Caldas - Empocaldas S.A E.S.P,2016,JULIO,PALESTINA,18581,15462
890.803.239-9,Empresa de Obras Sanitarias de Caldas - Empocaldas S.A E.S.P,2016,JULIO,RIOSUCIO,59906,55877
890.803.239-9,Empresa de Obras Sanitarias de Caldas - Empocaldas S.A E.S.P,2016,JULIO,RISARALDA,14603,10767
890.803.239-9,Empresa de Obras Sanitarias de Caldas - Empocaldas S.A E.S.P,2016,JULIO,SALAMINA,32795,32030
890.803.239-9,Empresa de Obras Sanitarias de Caldas - Empocaldas S.A E.S.P,2016,JULIO,SAMANA,18924,15930
890.803.239-9,Empresa de Obras Sanitarias de Caldas - Empocaldas S.A E.S.P,2016,JULIO,SAN JOSE,7719,3204
890.803.239-9,Empresa de Obras Sanitarias de Caldas - Empocaldas S.A E.S.P,2016,JULIO,SUPIA,59021,45488
890.803.239-9,Empresa de Obras Sanitarias de Caldas - Empocaldas S.A E.S.P,2016,JULIO,VICTORIA,14765,12766
890.803.239-9,Empresa de Obras Sanitarias de Caldas - Empocaldas S.A E.S.P,2016,JULIO,VITERBO,50678,44154
890.803.239-9,Empresa de Obras Sanitarias de Caldas - Empocaldas S.A E.S.P,2016,AGOSTO,AGUADAS,44199,40839
890.803.239-9,Empresa de Obras Sanitarias de Caldas - Empocaldas S.A E.S.P,2016,AGOSTO,ANSERMA,69435,66850
890.803.239-9,Empresa de Obras Sanitarias de Caldas - Empocaldas S.A E.S.P,2016,AGOSTO,ARAUCA,18103,15836
890.803.239-9,Empresa de Obras Sanitarias de Caldas - Empocaldas S.A E.S.P,2016,AGOSTO,ARMA,4991,3310
890.803.239-9,Empresa de Obras Sanitarias de Caldas - Empocaldas S.A E.S.P,2016,AGOSTO,BELALCAZAR,15126,11699
890.803.239-9,Empresa de Obras Sanitarias de Caldas - Empocaldas S.A E.S.P,2016,AGOSTO,CHINCHINA,254200,238705
890.803.239-9,Empresa de Obras Sanitarias de Caldas - Empocaldas S.A E.S.P,2016,AGOSTO,FILADELFIA,12755,11926
890.803.239-9,Empresa de Obras Sanitarias de Caldas - Empocaldas S.A E.S.P,2016,AGOSTO,GUARINOCITO,16175,0
890.803.239-9,Empresa de Obras Sanitarias de Caldas - Empocaldas S.A E.S.P,2016,AGOSTO,KILOMETRO 41,6456,2790
890.803.239-9,Empresa de Obras Sanitarias de Caldas - Empocaldas S.A E.S.P,2016,AGOSTO,LA DORADA,375842,313189
890.803.239-9,Empresa de Obras Sanitarias de Caldas - Empocaldas S.A E.S.P,2016,AGOSTO,MANZANARES,19916,16290
890.803.239-9,Empresa de Obras Sanitarias de Caldas - Empocaldas S.A E.S.P,2016,AGOSTO,MARMATO,13870,7871
890.803.239-9,Empresa de Obras Sanitarias de Caldas - Empocaldas S.A E.S.P,2016,AGOSTO,MARQUETALIA,19935,16275
890.803.239-9,Empresa de Obras Sanitarias de Caldas - Empocaldas S.A E.S.P,2016,AGOSTO,MARULANDA,2060,2008
890.803.239-9,Empresa de Obras Sanitarias de Caldas - Empocaldas S.A E.S.P,2016,AGOSTO,NEIRA,40738,38113
890.803.239-9,Empresa de Obras Sanitarias de Caldas - Empocaldas S.A E.S.P,2016,AGOSTO,PALESTINA,16654,13888
890.803.239-9,Empresa de Obras Sanitarias de Caldas - Empocaldas S.A E.S.P,2016,AGOSTO,RIOSUCIO,58119,54375
890.803.239-9,Empresa de Obras Sanitarias de Caldas - Empocaldas S.A E.S.P,2016,AGOSTO,RISARALDA,16859,12259
890.803.239-9,Empresa de Obras Sanitarias de Caldas - Empocaldas S.A E.S.P,2016,AGOSTO,SALAMINA,30129,29329
890.803.239-9,Empresa de Obras Sanitarias de Caldas - Empocaldas S.A E.S.P,2016,AGOSTO,SAMANA,17840,15072
890.803.239-9,Empresa de Obras Sanitarias de Caldas - Empocaldas S.A E.S.P,2016,AGOSTO,SAN JOSE,6620,3264
890.803.239-9,Empresa de Obras Sanitarias de Caldas - Empocaldas S.A E.S.P,2016,AGOSTO,SUPIA,61879,47527
890.803.239-9,Empresa de Obras Sanitarias de Caldas - Empocaldas S.A E.S.P,2016,AGOSTO,VICTORIA,13890,11675
890.803.239-9,Empresa de Obras Sanitarias de Caldas - Empocaldas S.A E.S.P,2016,AGOSTO,VITERBO,45874,39955
890.803.239-9,Empresa de Obras Sanitarias de Caldas - Empocaldas S.A E.S.P,2016,SEPTIEMBRE,AGUADAS,37416,34591
890.803.239-9,Empresa de Obras Sanitarias de Caldas - Empocaldas S.A E.S.P,2016,SEPTIEMBRE,ANSERMA,58466,56104
890.803.239-9,Empresa de Obras Sanitarias de Caldas - Empocaldas S.A E.S.P,2016,SEPTIEMBRE,ARAUCA,18500,16117
890.803.239-9,Empresa de Obras Sanitarias de Caldas - Empocaldas S.A E.S.P,2016,SEPTIEMBRE,ARMA,4975,3212
890.803.239-9,Empresa de Obras Sanitarias de Caldas - Empocaldas S.A E.S.P,2016,SEPTIEMBRE,BELALCAZAR,14414,10967
890.803.239-9,Empresa de Obras Sanitarias de Caldas - Empocaldas S.A E.S.P,2016,SEPTIEMBRE,CHINCHINA,278351,260089
890.803.239-9,Empresa de Obras Sanitarias de Caldas - Empocaldas S.A E.S.P,2016,SEPTIEMBRE,FILADELFIA,11827,10854
890.803.239-9,Empresa de Obras Sanitarias de Caldas - Empocaldas S.A E.S.P,2016,SEPTIEMBRE,GUARINOCITO,16053,0
890.803.239-9,Empresa de Obras Sanitarias de Caldas - Empocaldas S.A E.S.P,2016,SEPTIEMBRE,KILOMETRO 41,6599,3011
890.803.239-9,Empresa de Obras Sanitarias de Caldas - Empocaldas S.A E.S.P,2016,SEPTIEMBRE,LA DORADA,358349,300852
890.803.239-9,Empresa de Obras Sanitarias de Caldas - Empocaldas S.A E.S.P,2016,SEPTIEMBRE,MANZANARES,22269,18057
890.803.239-9,Empresa de Obras Sanitarias de Caldas - Empocaldas S.A E.S.P,2016,SEPTIEMBRE,MARMATO,15522,9140
890.803.239-9,Empresa de Obras Sanitarias de Caldas - Empocaldas S.A E.S.P,2016,SEPTIEMBRE,MARQUETALIA,20355,16626
890.803.239-9,Empresa de Obras Sanitarias de Caldas - Empocaldas S.A E.S.P,2016,SEPTIEMBRE,MARULANDA,2305,2245
890.803.239-9,Empresa de Obras Sanitarias de Caldas - Empocaldas S.A E.S.P,2016,SEPTIEMBRE,NEIRA,38965,36485
890.803.239-9,Empresa de Obras Sanitarias de Caldas - Empocaldas S.A E.S.P,2016,SEPTIEMBRE,PALESTINA,18427,15379
890.803.239-9,Empresa de Obras Sanitarias de Caldas - Empocaldas S.A E.S.P,2016,SEPTIEMBRE,RIOSUCIO,60363,56516
890.803.239-9,Empresa de Obras Sanitarias de Caldas - Empocaldas S.A E.S.P,2016,SEPTIEMBRE,RISARALDA,14536,10438
890.803.239-9,Empresa de Obras Sanitarias de Caldas - Empocaldas S.A E.S.P,2016,SEPTIEMBRE,SALAMINA,27716,27192
890.803.239-9,Empresa de Obras Sanitarias de Caldas - Empocaldas S.A E.S.P,2016,SEPTIEMBRE,SAMANA,19705,16567
890.803.239-9,Empresa de Obras Sanitarias de Caldas - Empocaldas S.A E.S.P,2016,SEPTIEMBRE,SAN JOSE,7869,3638
890.803.239-9,Empresa de Obras Sanitarias de Caldas - Empocaldas S.A E.S.P,2016,SEPTIEMBRE,SUPIA,60469,45682
890.803.239-9,Empresa de Obras Sanitarias de Caldas - Empocaldas S.A E.S.P,2016,SEPTIEMBRE,VICTORIA,12685,10706
890.803.239-9,Empresa de Obras Sanitarias de Caldas - Empocaldas S.A E.S.P,2016,SEPTIEMBRE,VITERBO,54736,46959
890.803.239-9,Empresa de Obras Sanitarias de Caldas - Empocaldas S.A E.S.P,2016,OCTUBRE,AGUADAS,34455,31854
890.803.239-9,Empresa de Obras Sanitarias de Caldas - Empocaldas S.A E.S.P,2016,OCTUBRE,ANSERMA,57911,55613
890.803.239-9,Empresa de Obras Sanitarias de Caldas - Empocaldas S.A E.S.P,2016,OCTUBRE,ARAUCA,18762,16406
890.803.239-9,Empresa de Obras Sanitarias de Caldas - Empocaldas S.A E.S.P,2016,OCTUBRE,ARMA,5177,3241
890.803.239-9,Empresa de Obras Sanitarias de Caldas - Empocaldas S.A E.S.P,2016,OCTUBRE,BELALCAZAR,14296,10784
890.803.239-9,Empresa de Obras Sanitarias de Caldas - Empocaldas S.A E.S.P,2016,OCTUBRE,CHINCHINA,251734,239562
890.803.239-9,Empresa de Obras Sanitarias de Caldas - Empocaldas S.A E.S.P,2016,OCTUBRE,FILADELFIA,11024,10200
890.803.239-9,Empresa de Obras Sanitarias de Caldas - Empocaldas S.A E.S.P,2016,OCTUBRE,GUARINOCITO,15926,0
890.803.239-9,Empresa de Obras Sanitarias de Caldas - Empocaldas S.A E.S.P,2016,OCTUBRE,KILOMETRO 41,6776,3190
890.803.239-9,Empresa de Obras Sanitarias de Caldas - Empocaldas S.A E.S.P,2016,OCTUBRE,LA DORADA,373392,308540
890.803.239-9,Empresa de Obras Sanitarias de Caldas - Empocaldas S.A E.S.P,2016,OCTUBRE,MANZANARES,20344,16484
890.803.239-9,Empresa de Obras Sanitarias de Caldas - Empocaldas S.A E.S.P,2016,OCTUBRE,MARMATO,14424,8297
890.803.239-9,Empresa de Obras Sanitarias de Caldas - Empocaldas S.A E.S.P,2016,OCTUBRE,MARQUETALIA,19807,16207
890.803.239-9,Empresa de Obras Sanitarias de Caldas - Empocaldas S.A E.S.P,2016,OCTUBRE,MARULANDA,1775,1732
890.803.239-9,Empresa de Obras Sanitarias de Caldas - Empocaldas S.A E.S.P,2016,OCTUBRE,NEIRA,44462,42140
890.803.239-9,Empresa de Obras Sanitarias de Caldas - Empocaldas S.A E.S.P,2016,OCTUBRE,PALESTINA,17986,15256
890.803.239-9,Empresa de Obras Sanitarias de Caldas - Empocaldas S.A E.S.P,2016,OCTUBRE,RIOSUCIO,62973,59091
890.803.239-9,Empresa de Obras Sanitarias de Caldas - Empocaldas S.A E.S.P,2016,OCTUBRE,RISARALDA,17021,11823
890.803.239-9,Empresa de Obras Sanitarias de Caldas - Empocaldas S.A E.S.P,2016,OCTUBRE,SALAMINA,31671,31094
890.803.239-9,Empresa de Obras Sanitarias de Caldas - Empocaldas S.A E.S.P,2016,OCTUBRE,SAMANA,18185,15149
890.803.239-9,Empresa de Obras Sanitarias de Caldas - Empocaldas S.A E.S.P,2016,OCTUBRE,SAN JOSE,7334,3217
890.803.239-9,Empresa de Obras Sanitarias de Caldas - Empocaldas S.A E.S.P,2016,OCTUBRE,SUPIA,55933,42517
890.803.239-9,Empresa de Obras Sanitarias de Caldas - Empocaldas S.A E.S.P,2016,OCTUBRE,VICTORIA,11641,9884
890.803.239-9,Empresa de Obras Sanitarias de Caldas - Empocaldas S.A E.S.P,2016,OCTUBRE,VITERBO,45638,40406
890.803.239-9,Empresa de Obras Sanitarias de Caldas - Empocaldas S.A E.S.P,2016,NOVIEMBRE,AGUADAS,43259,43259
890.803.239-9,Empresa de Obras Sanitarias de Caldas - Empocaldas S.A E.S.P,2016,NOVIEMBRE,ANSERMA,55398,51790
890.803.239-9,Empresa de Obras Sanitarias de Caldas - Empocaldas S.A E.S.P,2016,NOVIEMBRE,ARAUCA,16833,825
890.803.239-9,Empresa de Obras Sanitarias de Caldas - Empocaldas S.A E.S.P,2016,NOVIEMBRE,ARMA,3856,3508
890.803.239-9,Empresa de Obras Sanitarias de Caldas - Empocaldas S.A E.S.P,2016,NOVIEMBRE,BELALCAZAR,17138,446
890.803.239-9,Empresa de Obras Sanitarias de Caldas - Empocaldas S.A E.S.P,2016,NOVIEMBRE,CHINCHINA,300570,300570
890.803.239-9,Empresa de Obras Sanitarias de Caldas - Empocaldas S.A E.S.P,2016,NOVIEMBRE,FILADELFIA,12153,10683
890.803.239-9,Empresa de Obras Sanitarias de Caldas - Empocaldas S.A E.S.P,2016,NOVIEMBRE,GUARINOCITO,16197,303
890.803.239-9,Empresa de Obras Sanitarias de Caldas - Empocaldas S.A E.S.P,2016,NOVIEMBRE,KILOMETRO 41,6067,6067
890.803.239-9,Empresa de Obras Sanitarias de Caldas - Empocaldas S.A E.S.P,2016,NOVIEMBRE,LA DORADA,384349,384349
890.803.239-9,Empresa de Obras Sanitarias de Caldas - Empocaldas S.A E.S.P,2016,NOVIEMBRE,MANZANARES,18160,16627
890.803.239-9,Empresa de Obras Sanitarias de Caldas - Empocaldas S.A E.S.P,2016,NOVIEMBRE,MARMATO,14423,1131
890.803.239-9,Empresa de Obras Sanitarias de Caldas - Empocaldas S.A E.S.P,2016,NOVIEMBRE,MARQUETALIA,19241,17846
890.803.239-9,Empresa de Obras Sanitarias de Caldas - Empocaldas S.A E.S.P,2016,NOVIEMBRE,MARULANDA,1678,0
890.803.239-9,Empresa de Obras Sanitarias de Caldas - Empocaldas S.A E.S.P,2016,NOVIEMBRE,NEIRA,30907,0
890.803.239-9,Empresa de Obras Sanitarias de Caldas - Empocaldas S.A E.S.P,2016,NOVIEMBRE,PALESTINA,16283,1157
890.803.239-9,Empresa de Obras Sanitarias de Caldas - Empocaldas S.A E.S.P,2016,NOVIEMBRE,RIOSUCIO,52542,52542
890.803.239-9,Empresa de Obras Sanitarias de Caldas - Empocaldas S.A E.S.P,2016,NOVIEMBRE,RISARALDA,14850,14850
890.803.239-9,Empresa de Obras Sanitarias de Caldas - Empocaldas S.A E.S.P,2016,NOVIEMBRE,SALAMINA,25121,22952
890.803.239-9,Empresa de Obras Sanitarias de Caldas - Empocaldas S.A E.S.P,2016,NOVIEMBRE,SAMANA,17183,1399
890.803.239-9,Empresa de Obras Sanitarias de Caldas - Empocaldas S.A E.S.P,2016,NOVIEMBRE,SAN JOSE,8852,8348
890.803.239-9,Empresa de Obras Sanitarias de Caldas - Empocaldas S.A E.S.P,2016,NOVIEMBRE,SUPIA,61845,2433
890.803.239-9,Empresa de Obras Sanitarias de Caldas - Empocaldas S.A E.S.P,2016,NOVIEMBRE,VICTORIA,13739,13739
890.803.239-9,Empresa de Obras Sanitarias de Caldas - Empocaldas S.A E.S.P,2016,NOVIEMBRE,VITERBO,54936,54936
890.803.239-9,Empresa de Obras Sanitarias de Caldas - Empocaldas S.A E.S.P,2016,DICIEMBRE,AGUADAS,35332,38772
890.803.239-9,Empresa de Obras Sanitarias de Caldas - Empocaldas S.A E.S.P,2016,DICIEMBRE,ANSERMA,61962,57445
890.803.239-9,Empresa de Obras Sanitarias de Caldas - Empocaldas S.A E.S.P,2016,DICIEMBRE,ARAUCA,17658,15310
890.803.239-9,Empresa de Obras Sanitarias de Caldas - Empocaldas S.A E.S.P,2016,DICIEMBRE,ARMA,4986,2901
890.803.239-9,Empresa de Obras Sanitarias de Caldas - Empocaldas S.A E.S.P,2016,DICIEMBRE,BELALCAZAR,13636,13307
890.803.239-9,Empresa de Obras Sanitarias de Caldas - Empocaldas S.A E.S.P,2016,DICIEMBRE,CHINCHINA,241687,284888
890.803.239-9,Empresa de Obras Sanitarias de Caldas - Empocaldas S.A E.S.P,2016,DICIEMBRE,FILADELFIA,11769,11584
890.803.239-9,Empresa de Obras Sanitarias de Caldas - Empocaldas S.A E.S.P,2016,DICIEMBRE,GUARINOCITO,13088,0
890.803.239-9,Empresa de Obras Sanitarias de Caldas - Empocaldas S.A E.S.P,2016,DICIEMBRE,KILOMETRO 41,6627,2677
890.803.239-9,Empresa de Obras Sanitarias de Caldas - Empocaldas S.A E.S.P,2016,DICIEMBRE,LA DORADA,316329,316037
890.803.239-9,Empresa de Obras Sanitarias de Caldas - Empocaldas S.A E.S.P,2016,DICIEMBRE,MANZANARES,19240,16591
890.803.239-9,Empresa de Obras Sanitarias de Caldas - Empocaldas S.A E.S.P,2016,DICIEMBRE,MARMATO,12492,8497
890.803.239-9,Empresa de Obras Sanitarias de Caldas - Empocaldas S.A E.S.P,2016,DICIEMBRE,MARQUETALIA,18050,17396
890.803.239-9,Empresa de Obras Sanitarias de Caldas - Empocaldas S.A E.S.P,2016,DICIEMBRE,MARULANDA,1733,1715
890.803.239-9,Empresa de Obras Sanitarias de Caldas - Empocaldas S.A E.S.P,2016,DICIEMBRE,NEIRA,35497,31521
890.803.239-9,Empresa de Obras Sanitarias de Caldas - Empocaldas S.A E.S.P,2016,DICIEMBRE,PALESTINA,17880,14492
890.803.239-9,Empresa de Obras Sanitarias de Caldas - Empocaldas S.A E.S.P,2016,DICIEMBRE,RIOSUCIO,57920,49006
890.803.239-9,Empresa de Obras Sanitarias de Caldas - Empocaldas S.A E.S.P,2016,DICIEMBRE,RISARALDA,14164,10635
890.803.239-9,Empresa de Obras Sanitarias de Caldas - Empocaldas S.A E.S.P,2016,DICIEMBRE,SALAMINA,27811,26707
890.803.239-9,Empresa de Obras Sanitarias de Caldas - Empocaldas S.A E.S.P,2016,DICIEMBRE,SAMANA,17240,14450
890.803.239-9,Empresa de Obras Sanitarias de Caldas - Empocaldas S.A E.S.P,2016,DICIEMBRE,SAN JOSE,6483,3685
890.803.239-9,Empresa de Obras Sanitarias de Caldas - Empocaldas S.A E.S.P,2016,DICIEMBRE,SUPIA,57074,47827
890.803.239-9,Empresa de Obras Sanitarias de Caldas - Empocaldas S.A E.S.P,2016,DICIEMBRE,VICTORIA,11062,11603
890.803.239-9,Empresa de Obras Sanitarias de Caldas - Empocaldas S.A E.S.P,2016,DICIEMBRE,VITERBO,42806,49094
890.803.239-9,Empresa de Obras Sanitarias de Caldas - Empocaldas S.A E.S.P,2017,ENERO,AGUADAS,37727,34680
890.803.239-9,Empresa de Obras Sanitarias de Caldas - Empocaldas S.A E.S.P,2017,ENERO,ANSERMA,63766,61664
890.803.239-9,Empresa de Obras Sanitarias de Caldas - Empocaldas S.A E.S.P,2017,ENERO,ARAUCA,19656,17297
890.803.239-9,Empresa de Obras Sanitarias de Caldas - Empocaldas S.A E.S.P,2017,ENERO,ARMA,5337,3599
890.803.239-9,Empresa de Obras Sanitarias de Caldas - Empocaldas S.A E.S.P,2017,ENERO,BELALCAZAR,16390,12489
890.803.239-9,Empresa de Obras Sanitarias de Caldas - Empocaldas S.A E.S.P,2017,ENERO,CHINCHINA,293740,277749
890.803.239-9,Empresa de Obras Sanitarias de Caldas - Empocaldas S.A E.S.P,2017,ENERO,FILADELFIA,13908,12849
890.803.239-9,Empresa de Obras Sanitarias de Caldas - Empocaldas S.A E.S.P,2017,ENERO,GUARINOCITO,18550,0
890.803.239-9,Empresa de Obras Sanitarias de Caldas - Empocaldas S.A E.S.P,2017,ENERO,KILOMETRO 41,6990,2833
890.803.239-9,Empresa de Obras Sanitarias de Caldas - Empocaldas S.A E.S.P,2017,ENERO,LA DORADA,412387,340588
890.803.239-9,Empresa de Obras Sanitarias de Caldas - Empocaldas S.A E.S.P,2017,ENERO,MANZANARES,21645,17552
890.803.239-9,Empresa de Obras Sanitarias de Caldas - Empocaldas S.A E.S.P,2017,ENERO,MARMATO,14981,8679
890.803.239-9,Empresa de Obras Sanitarias de Caldas - Empocaldas S.A E.S.P,2017,ENERO,MARQUETALIA,21313,17603
890.803.239-9,Empresa de Obras Sanitarias de Caldas - Empocaldas S.A E.S.P,2017,ENERO,MARULANDA,1834,1746
890.803.239-9,Empresa de Obras Sanitarias de Caldas - Empocaldas S.A E.S.P,2017,ENERO,NEIRA,42334,40209
890.803.239-9,Empresa de Obras Sanitarias de Caldas - Empocaldas S.A E.S.P,2017,ENERO,PALESTINA,18142,14953
890.803.239-9,Empresa de Obras Sanitarias de Caldas - Empocaldas S.A E.S.P,2017,ENERO,RIOSUCIO,66284,61686
890.803.239-9,Empresa de Obras Sanitarias de Caldas - Empocaldas S.A E.S.P,2017,ENERO,RISARALDA,17456,12452
890.803.239-9,Empresa de Obras Sanitarias de Caldas - Empocaldas S.A E.S.P,2017,ENERO,SALAMINA,35779,35064
890.803.239-9,Empresa de Obras Sanitarias de Caldas - Empocaldas S.A E.S.P,2017,ENERO,SAMANA,19430,16179
890.803.239-9,Empresa de Obras Sanitarias de Caldas - Empocaldas S.A E.S.P,2017,ENERO,SAN JOSE,7086,3247
890.803.239-9,Empresa de Obras Sanitarias de Caldas - Empocaldas S.A E.S.P,2017,ENERO,SUPIA,66986,52095
890.803.239-9,Empresa de Obras Sanitarias de Caldas - Empocaldas S.A E.S.P,2017,ENERO,VICTORIA,14760,12514
890.803.239-9,Empresa de Obras Sanitarias de Caldas - Empocaldas S.A E.S.P,2017,ENERO,VITERBO,54089,46006
890.803.239-9,Empresa de Obras Sanitarias de Caldas - Empocaldas S.A E.S.P,2017,FEBRERO,AGUADAS,42752,40033
890.803.239-9,Empresa de Obras Sanitarias de Caldas - Empocaldas S.A E.S.P,2017,FEBRERO,ANSERMA,64448,62394
890.803.239-9,Empresa de Obras Sanitarias de Caldas - Empocaldas S.A E.S.P,2017,FEBRERO,ARAUCA,17358,14983
890.803.239-9,Empresa de Obras Sanitarias de Caldas - Empocaldas S.A E.S.P,2017,FEBRERO,ARMA,4931,3597
890.803.239-9,Empresa de Obras Sanitarias de Caldas - Empocaldas S.A E.S.P,2017,FEBRERO,BELALCAZAR,14914,11729
890.803.239-9,Empresa de Obras Sanitarias de Caldas - Empocaldas S.A E.S.P,2017,FEBRERO,CHINCHINA,277303,260676
890.803.239-9,Empresa de Obras Sanitarias de Caldas - Empocaldas S.A E.S.P,2017,FEBRERO,FILADELFIA,12080,10922
890.803.239-9,Empresa de Obras Sanitarias de Caldas - Empocaldas S.A E.S.P,2017,FEBRERO,GUARINOCITO,14906,0
890.803.239-9,Empresa de Obras Sanitarias de Caldas - Empocaldas S.A E.S.P,2017,FEBRERO,KILOMETRO 41,6576,2650
890.803.239-9,Empresa de Obras Sanitarias de Caldas - Empocaldas S.A E.S.P,2017,FEBRERO,LA DORADA,385271,319730
890.803.239-9,Empresa de Obras Sanitarias de Caldas - Empocaldas S.A E.S.P,2017,FEBRERO,MANZANARES,19658,16031
890.803.239-9,Empresa de Obras Sanitarias de Caldas - Empocaldas S.A E.S.P,2017,FEBRERO,MARMATO,14873,8445
890.803.239-9,Empresa de Obras Sanitarias de Caldas - Empocaldas S.A E.S.P,2017,FEBRERO,MARQUETALIA,17971,14638
890.803.239-9,Empresa de Obras Sanitarias de Caldas - Empocaldas S.A E.S.P,2017,FEBRERO,MARULANDA,1605,1565
890.803.239-9,Empresa de Obras Sanitarias de Caldas - Empocaldas S.A E.S.P,2017,FEBRERO,NEIRA,38555,36118
890.803.239-9,Empresa de Obras Sanitarias de Caldas - Empocaldas S.A E.S.P,2017,FEBRERO,PALESTINA,17531,14582
890.803.239-9,Empresa de Obras Sanitarias de Caldas - Empocaldas S.A E.S.P,2017,FEBRERO,RIOSUCIO,66571,62314
890.803.239-9,Empresa de Obras Sanitarias de Caldas - Empocaldas S.A E.S.P,2017,FEBRERO,RISARALDA,14856,10931
890.803.239-9,Empresa de Obras Sanitarias de Caldas - Empocaldas S.A E.S.P,2017,FEBRERO,SALAMINA,28408,27885
890.803.239-9,Empresa de Obras Sanitarias de Caldas - Empocaldas S.A E.S.P,2017,FEBRERO,SAMANA,16398,13718
890.803.239-9,Empresa de Obras Sanitarias de Caldas - Empocaldas S.A E.S.P,2017,FEBRERO,SAN JOSE,7643,3505
890.803.239-9,Empresa de Obras Sanitarias de Caldas - Empocaldas S.A E.S.P,2017,FEBRERO,SUPIA,64949,50599
890.803.239-9,Empresa de Obras Sanitarias de Caldas - Empocaldas S.A E.S.P,2017,FEBRERO,VICTORIA,13961,11828
890.803.239-9,Empresa de Obras Sanitarias de Caldas - Empocaldas S.A E.S.P,2017,FEBRERO,VITERBO,49201,42300
890.803.239-9,Empresa de Obras Sanitarias de Caldas - Empocaldas S.A E.S.P,2017,MARZO,AGUADAS,30603,28640
890.803.239-9,Empresa de Obras Sanitarias de Caldas - Empocaldas S.A E.S.P,2017,MARZO,ANSERMA,55491,53183
890.803.239-9,Empresa de Obras Sanitarias de Caldas - Empocaldas S.A E.S.P,2017,MARZO,ARAUCA,18371,16056
890.803.239-9,Empresa de Obras Sanitarias de Caldas - Empocaldas S.A E.S.P,2017,MARZO,ARMA,4550,3253
890.803.239-9,Empresa de Obras Sanitarias de Caldas - Empocaldas S.A E.S.P,2017,MARZO,BELALCAZAR,13589,10867
890.803.239-9,Empresa de Obras Sanitarias de Caldas - Empocaldas S.A E.S.P,2017,MARZO,CHINCHINA,267988,251209
890.803.239-9,Empresa de Obras Sanitarias de Caldas - Empocaldas S.A E.S.P,2017,MARZO,FILADELFIA,10868,10123
890.803.239-9,Empresa de Obras Sanitarias de Caldas - Empocaldas S.A E.S.P,2017,MARZO,GUARINOCITO,14031,0
890.803.239-9,Empresa de Obras Sanitarias de Caldas - Empocaldas S.A E.S.P,2017,MARZO,KILOMETRO 41,6516,2734
890.803.239-9,Empresa de Obras Sanitarias de Caldas - Empocaldas S.A E.S.P,2017,MARZO,LA DORADA,353525,296268
890.803.239-9,Empresa de Obras Sanitarias de Caldas - Empocaldas S.A E.S.P,2017,MARZO,MANZANARES,18742,15246
890.803.239-9,Empresa de Obras Sanitarias de Caldas - Empocaldas S.A E.S.P,2017,MARZO,MARMATO,14984,11327
890.803.239-9,Empresa de Obras Sanitarias de Caldas - Empocaldas S.A E.S.P,2017,MARZO,MARQUETALIA,18085,15019
890.803.239-9,Empresa de Obras Sanitarias de Caldas - Empocaldas S.A E.S.P,2017,MARZO,MARULANDA,1773,1707
890.803.239-9,Empresa de Obras Sanitarias de Caldas - Empocaldas S.A E.S.P,2017,MARZO,NEIRA,38099,35885
890.803.239-9,Empresa de Obras Sanitarias de Caldas - Empocaldas S.A E.S.P,2017,MARZO,PALESTINA,17209,14601
890.803.239-9,Empresa de Obras Sanitarias de Caldas - Empocaldas S.A E.S.P,2017,MARZO,RIOSUCIO,56725,53343
890.803.239-9,Empresa de Obras Sanitarias de Caldas - Empocaldas S.A E.S.P,2017,MARZO,RISARALDA,13480,9678
890.803.239-9,Empresa de Obras Sanitarias de Caldas - Empocaldas S.A E.S.P,2017,MARZO,SALAMINA,23514,23044
890.803.239-9,Empresa de Obras Sanitarias de Caldas - Empocaldas S.A E.S.P,2017,MARZO,SAMANA,15630,12899
890.803.239-9,Empresa de Obras Sanitarias de Caldas - Empocaldas S.A E.S.P,2017,MARZO,SAN JOSE,6559,2933
890.803.239-9,Empresa de Obras Sanitarias de Caldas - Empocaldas S.A E.S.P,2017,MARZO,SUPIA,56135,46368
890.803.239-9,Empresa de Obras Sanitarias de Caldas - Empocaldas S.A E.S.P,2017,MARZO,VICTORIA,12248,10228
890.803.239-9,Empresa de Obras Sanitarias de Caldas - Empocaldas S.A E.S.P,2017,MARZO,VITERBO,49474,32168
890.803.239-9,Empresa de Obras Sanitarias de Caldas - Empocaldas S.A E.S.P,2017,ABRIL,AGUADAS,32402,30341
890.803.239-9,Empresa de Obras Sanitarias de Caldas - Empocaldas S.A E.S.P,2017,ABRIL,ANSERMA,53857,51657
890.803.239-9,Empresa de Obras Sanitarias de Caldas - Empocaldas S.A E.S.P,2017,ABRIL,ARAUCA,17294,15024
890.803.239-9,Empresa de Obras Sanitarias de Caldas - Empocaldas S.A E.S.P,2017,ABRIL,ARMA,4302,3222
890.803.239-9,Empresa de Obras Sanitarias de Caldas - Empocaldas S.A E.S.P,2017,ABRIL,BELALCAZAR,15593,12238
890.803.239-9,Empresa de Obras Sanitarias de Caldas - Empocaldas S.A E.S.P,2017,ABRIL,CHINCHINA,257825,244074
890.803.239-9,Empresa de Obras Sanitarias de Caldas - Empocaldas S.A E.S.P,2017,ABRIL,FILADELFIA,13216,12219
890.803.239-9,Empresa de Obras Sanitarias de Caldas - Empocaldas S.A E.S.P,2017,ABRIL,GUARINOCITO,17029,0
890.803.239-9,Empresa de Obras Sanitarias de Caldas - Empocaldas S.A E.S.P,2017,ABRIL,KILOMETRO 41,7108,2987
890.803.239-9,Empresa de Obras Sanitarias de Caldas - Empocaldas S.A E.S.P,2017,ABRIL,LA DORADA,355977,291298
890.803.239-9,Empresa de Obras Sanitarias de Caldas - Empocaldas S.A E.S.P,2017,ABRIL,MANZANARES,22058,18017
890.803.239-9,Empresa de Obras Sanitarias de Caldas - Empocaldas S.A E.S.P,2017,ABRIL,MARMATO,17155,11803
890.803.239-9,Empresa de Obras Sanitarias de Caldas - Empocaldas S.A E.S.P,2017,ABRIL,MARQUETALIA,17322,14115
890.803.239-9,Empresa de Obras Sanitarias de Caldas - Empocaldas S.A E.S.P,2017,ABRIL,MARULANDA,1698,1645
890.803.239-9,Empresa de Obras Sanitarias de Caldas - Empocaldas S.A E.S.P,2017,ABRIL,NEIRA,42823,43612
890.803.239-9,Empresa de Obras Sanitarias de Caldas - Empocaldas S.A E.S.P,2017,ABRIL,PALESTINA,17255,14677
890.803.239-9,Empresa de Obras Sanitarias de Caldas - Empocaldas S.A E.S.P,2017,ABRIL,RIOSUCIO,61737,57784
890.803.239-9,Empresa de Obras Sanitarias de Caldas - Empocaldas S.A E.S.P,2017,ABRIL,RISARALDA,15714,11836
890.803.239-9,Empresa de Obras Sanitarias de Caldas - Empocaldas S.A E.S.P,2017,ABRIL,SALAMINA,26865,26412
890.803.239-9,Empresa de Obras Sanitarias de Caldas - Empocaldas S.A E.S.P,2017,ABRIL,SAMANA,18719,15576
890.803.239-9,Empresa de Obras Sanitarias de Caldas - Empocaldas S.A E.S.P,2017,ABRIL,SAN JOSE,6065,2975
890.803.239-9,Empresa de Obras Sanitarias de Caldas - Empocaldas S.A E.S.P,2017,ABRIL,SUPIA,54970,43207
890.803.239-9,Empresa de Obras Sanitarias de Caldas - Empocaldas S.A E.S.P,2017,ABRIL,VICTORIA,13235,11358
890.803.239-9,Empresa de Obras Sanitarias de Caldas - Empocaldas S.A E.S.P,2017,ABRIL,VITERBO,46573,40580
890.803.239-9,Empresa de Obras Sanitarias de Caldas - Empocaldas S.A E.S.P,2017,MAYO,AGUADAS,37106,34679
890.803.239-9,Empresa de Obras Sanitarias de Caldas - Empocaldas S.A E.S.P,2017,MAYO,ANSERMA,62467,60194
890.803.239-9,Empresa de Obras Sanitarias de Caldas - Empocaldas S.A E.S.P,2017,MAYO,ARAUCA,17476,15266
890.803.239-9,Empresa de Obras Sanitarias de Caldas - Empocaldas S.A E.S.P,2017,MAYO,ARMA,4530,3416
890.803.239-9,Empresa de Obras Sanitarias de Caldas - Empocaldas S.A E.S.P,2017,MAYO,BELALCAZAR,15469,10684
890.803.239-9,Empresa de Obras Sanitarias de Caldas - Empocaldas S.A E.S.P,2017,MAYO,CHINCHINA,251367,235640
890.803.239-9,Empresa de Obras Sanitarias de Caldas - Empocaldas S.A E.S.P,2017,MAYO,FILADELFIA,13054,11923
890.803.239-9,Empresa de Obras Sanitarias de Caldas - Empocaldas S.A E.S.P,2017,MAYO,GUARINOCITO,13758,0
890.803.239-9,Empresa de Obras Sanitarias de Caldas - Empocaldas S.A E.S.P,2017,MAYO,KILOMETRO 41,6771,2913
890.803.239-9,Empresa de Obras Sanitarias de Caldas - Empocaldas S.A E.S.P,2017,MAYO,LA DORADA,338145,279710
890.803.239-9,Empresa de Obras Sanitarias de Caldas - Empocaldas S.A E.S.P,2017,MAYO,MANZANARES,20209,16612
890.803.239-9,Empresa de Obras Sanitarias de Caldas - Empocaldas S.A E.S.P,2017,MAYO,MARMATO,19779,12116
890.803.239-9,Empresa de Obras Sanitarias de Caldas - Empocaldas S.A E.S.P,2017,MAYO,MARQUETALIA,21602,17920
890.803.239-9,Empresa de Obras Sanitarias de Caldas - Empocaldas S.A E.S.P,2017,MAYO,MARULANDA,1936,1870
890.803.239-9,Empresa de Obras Sanitarias de Caldas - Empocaldas S.A E.S.P,2017,MAYO,NEIRA,41387,36503
890.803.239-9,Empresa de Obras Sanitarias de Caldas - Empocaldas S.A E.S.P,2017,MAYO,PALESTINA,16496,13817
890.803.239-9,Empresa de Obras Sanitarias de Caldas - Empocaldas S.A E.S.P,2017,MAYO,RIOSUCIO,62485,58719
890.803.239-9,Empresa de Obras Sanitarias de Caldas - Empocaldas S.A E.S.P,2017,MAYO,RISARALDA,13358,9971
890.803.239-9,Empresa de Obras Sanitarias de Caldas - Empocaldas S.A E.S.P,2017,MAYO,SALAMINA,29051,28363
890.803.239-9,Empresa de Obras Sanitarias de Caldas - Empocaldas S.A E.S.P,2017,MAYO,SAMANA,17995,14957
890.803.239-9,Empresa de Obras Sanitarias de Caldas - Empocaldas S.A E.S.P,2017,MAYO,SAN JOSE,5199,3421
890.803.239-9,Empresa de Obras Sanitarias de Caldas - Empocaldas S.A E.S.P,2017,MAYO,SUPIA,71835,56744
890.803.239-9,Empresa de Obras Sanitarias de Caldas - Empocaldas S.A E.S.P,2017,MAYO,VICTORIA,12709,10754
890.803.239-9,Empresa de Obras Sanitarias de Caldas - Empocaldas S.A E.S.P,2017,MAYO,VITERBO,54637,46885
890.803.239-9,Empresa de Obras Sanitarias de Caldas - Empocaldas S.A E.S.P,2017,JUNIO,AGUADAS,35824,33653
890.803.239-9,Empresa de Obras Sanitarias de Caldas - Empocaldas S.A E.S.P,2017,JUNIO,ANSERMA,66241,63384
890.803.239-9,Empresa de Obras Sanitarias de Caldas - Empocaldas S.A E.S.P,2017,JUNIO,ARAUCA,19146,16552
890.803.239-9,Empresa de Obras Sanitarias de Caldas - Empocaldas S.A E.S.P,2017,JUNIO,ARMA,4010,2884
890.803.239-9,Empresa de Obras Sanitarias de Caldas - Empocaldas S.A E.S.P,2017,JUNIO,BELALCAZAR,19058,13084
890.803.239-9,Empresa de Obras Sanitarias de Caldas - Empocaldas S.A E.S.P,2017,JUNIO,CHINCHINA,286511,268462
890.803.239-9,Empresa de Obras Sanitarias de Caldas - Empocaldas S.A E.S.P,2017,JUNIO,FILADELFIA,13576,12108
890.803.239-9,Empresa de Obras Sanitarias de Caldas - Empocaldas S.A E.S.P,2017,JUNIO,GUARINOCITO,17205,0
890.803.239-9,Empresa de Obras Sanitarias de Caldas - Empocaldas S.A E.S.P,2017,JUNIO,KILOMETRO 41,6431,2699
890.803.239-9,Empresa de Obras Sanitarias de Caldas - Empocaldas S.A E.S.P,2017,JUNIO,LA DORADA,406314,338974
890.803.239-9,Empresa de Obras Sanitarias de Caldas - Empocaldas S.A E.S.P,2017,JUNIO,MANZANARES,22242,17976
890.803.239-9,Empresa de Obras Sanitarias de Caldas - Empocaldas S.A E.S.P,2017,JUNIO,MARMATO,15128,8068
890.803.239-9,Empresa de Obras Sanitarias de Caldas - Empocaldas S.A E.S.P,2017,JUNIO,MARQUETALIA,19006,15748
890.803.239-9,Empresa de Obras Sanitarias de Caldas - Empocaldas S.A E.S.P,2017,JUNIO,MARULANDA,1690,1636
890.803.239-9,Empresa de Obras Sanitarias de Caldas - Empocaldas S.A E.S.P,2017,JUNIO,NEIRA,38254,35285
890.803.239-9,Empresa de Obras Sanitarias de Caldas - Empocaldas S.A E.S.P,2017,JUNIO,PALESTINA,16601,14099
890.803.239-9,Empresa de Obras Sanitarias de Caldas - Empocaldas S.A E.S.P,2017,JUNIO,RIOSUCIO,56016,52511
890.803.239-9,Empresa de Obras Sanitarias de Caldas - Empocaldas S.A E.S.P,2017,JUNIO,RISARALDA,16436,12024
890.803.239-9,Empresa de Obras Sanitarias de Caldas - Empocaldas S.A E.S.P,2017,JUNIO,SALAMINA,36973,36141
890.803.239-9,Empresa de Obras Sanitarias de Caldas - Empocaldas S.A E.S.P,2017,JUNIO,SAMANA,17126,14273
890.803.239-9,Empresa de Obras Sanitarias de Caldas - Empocaldas S.A E.S.P,2017,JUNIO,SAN JOSE,4837,3170
890.803.239-9,Empresa de Obras Sanitarias de Caldas - Empocaldas S.A E.S.P,2017,JUNIO,SUPIA,62278,48984
890.803.239-9,Empresa de Obras Sanitarias de Caldas - Empocaldas S.A E.S.P,2017,JUNIO,VICTORIA,12239,10356
890.803.239-9,Empresa de Obras Sanitarias de Caldas - Empocaldas S.A E.S.P,2017,JUNIO,VITERBO,48486,42639
890.803.239-9,Empresa de Obras Sanitarias de Caldas - Empocaldas S.A E.S.P,2017,JULIO,AGUADAS,37457,34973
890.803.239-9,Empresa de Obras Sanitarias de Caldas - Empocaldas S.A E.S.P,2017,JULIO,ANSERMA,57468,55525
890.803.239-9,Empresa de Obras Sanitarias de Caldas - Empocaldas S.A E.S.P,2017,JULIO,ARAUCA,17403,15023
890.803.239-9,Empresa de Obras Sanitarias de Caldas - Empocaldas S.A E.S.P,2017,JULIO,ARMA,3952,2791
890.803.239-9,Empresa de Obras Sanitarias de Caldas - Empocaldas S.A E.S.P,2017,JULIO,BELALCAZAR,14991,10575
890.803.239-9,Empresa de Obras Sanitarias de Caldas - Empocaldas S.A E.S.P,2017,JULIO,CHINCHINA,281459,262028
890.803.239-9,Empresa de Obras Sanitarias de Caldas - Empocaldas S.A E.S.P,2017,JULIO,FILADELFIA,12097,11069
890.803.239-9,Empresa de Obras Sanitarias de Caldas - Empocaldas S.A E.S.P,2017,JULIO,GUARINOCITO,17150,0
890.803.239-9,Empresa de Obras Sanitarias de Caldas - Empocaldas S.A E.S.P,2017,JULIO,KILOMETRO 41,6814,2631
890.803.239-9,Empresa de Obras Sanitarias de Caldas - Empocaldas S.A E.S.P,2017,JULIO,LA DORADA,380020,319390
890.803.239-9,Empresa de Obras Sanitarias de Caldas - Empocaldas S.A E.S.P,2017,JULIO,MANZANARES,22709,18489
890.803.239-9,Empresa de Obras Sanitarias de Caldas - Empocaldas S.A E.S.P,2017,JULIO,MARMATO,17059,8755
890.803.239-9,Empresa de Obras Sanitarias de Caldas - Empocaldas S.A E.S.P,2017,JULIO,MARQUETALIA,20418,16679
890.803.239-9,Empresa de Obras Sanitarias de Caldas - Empocaldas S.A E.S.P,2017,JULIO,MARULANDA,1512,1472
890.803.239-9,Empresa de Obras Sanitarias de Caldas - Empocaldas S.A E.S.P,2017,JULIO,NEIRA,35474,32921
890.803.239-9,Empresa de Obras Sanitarias de Caldas - Empocaldas S.A E.S.P,2017,JULIO,PALESTINA,18942,15640
890.803.239-9,Empresa de Obras Sanitarias de Caldas - Empocaldas S.A E.S.P,2017,JULIO,RIOSUCIO,60636,56873
890.803.239-9,Empresa de Obras Sanitarias de Caldas - Empocaldas S.A E.S.P,2017,JULIO,RISARALDA,14008,9914
890.803.239-9,Empresa de Obras Sanitarias de Caldas - Empocaldas S.A E.S.P,2017,JULIO,SALAMINA,35880,35134
890.803.239-9,Empresa de Obras Sanitarias de Caldas - Empocaldas S.A E.S.P,2017,JULIO,SAMANA,17429,14507
890.803.239-9,Empresa de Obras Sanitarias de Caldas - Empocaldas S.A E.S.P,2017,JULIO,SAN JOSE,4922,2965
890.803.239-9,Empresa de Obras Sanitarias de Caldas - Empocaldas S.A E.S.P,2017,JULIO,SUPIA,60448,47090
890.803.239-9,Empresa de Obras Sanitarias de Caldas - Empocaldas S.A E.S.P,2017,JULIO,VICTORIA,15777,13504
890.803.239-9,Empresa de Obras Sanitarias de Caldas - Empocaldas S.A E.S.P,2017,JULIO,VITERBO,48900,42069
890.803.239-9,Empresa de Obras Sanitarias de Caldas - Empocaldas S.A E.S.P,2017,AGOSTO,AGUADAS,45907,42998
890.803.239-9,Empresa de Obras Sanitarias de Caldas - Empocaldas S.A E.S.P,2017,AGOSTO,ANSERMA,71154,68182
890.803.239-9,Empresa de Obras Sanitarias de Caldas - Empocaldas S.A E.S.P,2017,AGOSTO,ARAUCA,16865,14924
890.803.239-9,Empresa de Obras Sanitarias de Caldas - Empocaldas S.A E.S.P,2017,AGOSTO,ARMA,5013,3318
890.803.239-9,Empresa de Obras Sanitarias de Caldas - Empocaldas S.A E.S.P,2017,AGOSTO,BELALCAZAR,18855,13540
890.803.239-9,Empresa de Obras Sanitarias de Caldas - Empocaldas S.A E.S.P,2017,AGOSTO,CHINCHINA,287114,267816
890.803.239-9,Empresa de Obras Sanitarias de Caldas - Empocaldas S.A E.S.P,2017,AGOSTO,FILADELFIA,13447,12278
890.803.239-9,Empresa de Obras Sanitarias de Caldas - Empocaldas S.A E.S.P,2017,AGOSTO,GUARINOCITO,16726,0
890.803.239-9,Empresa de Obras Sanitarias de Caldas - Empocaldas S.A E.S.P,2017,AGOSTO,KILOMETRO 41,6850,2854
890.803.239-9,Empresa de Obras Sanitarias de Caldas - Empocaldas S.A E.S.P,2017,AGOSTO,LA DORADA,357176,297965
890.803.239-9,Empresa de Obras Sanitarias de Caldas - Empocaldas S.A E.S.P,2017,AGOSTO,MANZANARES,19090,15525
890.803.239-9,Empresa de Obras Sanitarias de Caldas - Empocaldas S.A E.S.P,2017,AGOSTO,MARMATO,22572,11463
890.803.239-9,Empresa de Obras Sanitarias de Caldas - Empocaldas S.A E.S.P,2017,AGOSTO,MARQUETALIA,20624,16948
890.803.239-9,Empresa de Obras Sanitarias de Caldas - Empocaldas S.A E.S.P,2017,AGOSTO,MARULANDA,1943,1894
890.803.239-9,Empresa de Obras Sanitarias de Caldas - Empocaldas S.A E.S.P,2017,AGOSTO,NEIRA,37297,34843
890.803.239-9,Empresa de Obras Sanitarias de Caldas - Empocaldas S.A E.S.P,2017,AGOSTO,PALESTINA,17154,14258
890.803.239-9,Empresa de Obras Sanitarias de Caldas - Empocaldas S.A E.S.P,2017,AGOSTO,RIOSUCIO,57586,53802
890.803.239-9,Empresa de Obras Sanitarias de Caldas - Empocaldas S.A E.S.P,2017,AGOSTO,RISARALDA,16280,11766
890.803.239-9,Empresa de Obras Sanitarias de Caldas - Empocaldas S.A E.S.P,2017,AGOSTO,SALAMINA,28002,27226
890.803.239-9,Empresa de Obras Sanitarias de Caldas - Empocaldas S.A E.S.P,2017,AGOSTO,SAMANA,19003,15935
890.803.239-9,Empresa de Obras Sanitarias de Caldas - Empocaldas S.A E.S.P,2017,AGOSTO,SAN JOSE,6221,3932
890.803.239-9,Empresa de Obras Sanitarias de Caldas - Empocaldas S.A E.S.P,2017,AGOSTO,SUPIA,65109,49980
890.803.239-9,Empresa de Obras Sanitarias de Caldas - Empocaldas S.A E.S.P,2017,AGOSTO,VICTORIA,13526,11467
890.803.239-9,Empresa de Obras Sanitarias de Caldas - Empocaldas S.A E.S.P,2017,AGOSTO,VITERBO,54674,47510
890.803.239-9,Empresa de Obras Sanitarias de Caldas - Empocaldas S.A E.S.P,2017,SEPTIEMBRE,AGUADAS,38981,37102
890.803.239-9,Empresa de Obras Sanitarias de Caldas - Empocaldas S.A E.S.P,2017,SEPTIEMBRE,ANSERMA,59323,57092
890.803.239-9,Empresa de Obras Sanitarias de Caldas - Empocaldas S.A E.S.P,2017,SEPTIEMBRE,ARAUCA,19510,17380
890.803.239-9,Empresa de Obras Sanitarias de Caldas - Empocaldas S.A E.S.P,2017,SEPTIEMBRE,ARMA,4606,3099
890.803.239-9,Empresa de Obras Sanitarias de Caldas - Empocaldas S.A E.S.P,2017,SEPTIEMBRE,BELALCAZAR,15660,10769
890.803.239-9,Empresa de Obras Sanitarias de Caldas - Empocaldas S.A E.S.P,2017,SEPTIEMBRE,CHINCHINA,277543,261526
890.803.239-9,Empresa de Obras Sanitarias de Caldas - Empocaldas S.A E.S.P,2017,SEPTIEMBRE,FILADELFIA,14298,13325
890.803.239-9,Empresa de Obras Sanitarias de Caldas - Empocaldas S.A E.S.P,2017,SEPTIEMBRE,GUARINOCITO,16589,0
890.803.239-9,Empresa de Obras Sanitarias de Caldas - Empocaldas S.A E.S.P,2017,SEPTIEMBRE,KILOMETRO 41,7022,3010
890.803.239-9,Empresa de Obras Sanitarias de Caldas - Empocaldas S.A E.S.P,2017,SEPTIEMBRE,LA DORADA,378095,309209
890.803.239-9,Empresa de Obras Sanitarias de Caldas - Empocaldas S.A E.S.P,2017,SEPTIEMBRE,MANZANARES,20930,16844
890.803.239-9,Empresa de Obras Sanitarias de Caldas - Empocaldas S.A E.S.P,2017,SEPTIEMBRE,MARMATO,17308,9013
890.803.239-9,Empresa de Obras Sanitarias de Caldas - Empocaldas S.A E.S.P,2017,SEPTIEMBRE,MARQUETALIA,18934,15600
890.803.239-9,Empresa de Obras Sanitarias de Caldas - Empocaldas S.A E.S.P,2017,SEPTIEMBRE,MARULANDA,1873,1820
890.803.239-9,Empresa de Obras Sanitarias de Caldas - Empocaldas S.A E.S.P,2017,SEPTIEMBRE,NEIRA,43548,41183
890.803.239-9,Empresa de Obras Sanitarias de Caldas - Empocaldas S.A E.S.P,2017,SEPTIEMBRE,PALESTINA,18553,15539
890.803.239-9,Empresa de Obras Sanitarias de Caldas - Empocaldas S.A E.S.P,2017,SEPTIEMBRE,RIOSUCIO,62328,58545
890.803.239-9,Empresa de Obras Sanitarias de Caldas - Empocaldas S.A E.S.P,2017,SEPTIEMBRE,RISARALDA,17233,12174
890.803.239-9,Empresa de Obras Sanitarias de Caldas - Empocaldas S.A E.S.P,2017,SEPTIEMBRE,SALAMINA,33495,32636
890.803.239-9,Empresa de Obras Sanitarias de Caldas - Empocaldas S.A E.S.P,2017,SEPTIEMBRE,SAMANA,20065,16988
890.803.239-9,Empresa de Obras Sanitarias de Caldas - Empocaldas S.A E.S.P,2017,SEPTIEMBRE,SAN JOSE,4543,2999
890.803.239-9,Empresa de Obras Sanitarias de Caldas - Empocaldas S.A E.S.P,2017,SEPTIEMBRE,SUPIA,66049,51415
890.803.239-9,Empresa de Obras Sanitarias de Caldas - Empocaldas S.A E.S.P,2017,SEPTIEMBRE,VICTORIA,12544,10615
890.803.239-9,Empresa de Obras Sanitarias de Caldas - Empocaldas S.A E.S.P,2017,SEPTIEMBRE,VITERBO,49845,43475
890.803.239-9,Empresa de Obras Sanitarias de Caldas - Empocaldas S.A E.S.P,2017,OCTUBRE,AGUADAS,33504,31946
890.803.239-9,Empresa de Obras Sanitarias de Caldas - Empocaldas S.A E.S.P,2017,OCTUBRE,ANSERMA,66633,64252
890.803.239-9,Empresa de Obras Sanitarias de Caldas - Empocaldas S.A E.S.P,2017,OCTUBRE,ARAUCA,16594,14773
890.803.239-9,Empresa de Obras Sanitarias de Caldas - Empocaldas S.A E.S.P,2017,OCTUBRE,ARMA,4077,3005
890.803.239-9,Empresa de Obras Sanitarias de Caldas - Empocaldas S.A E.S.P,2017,OCTUBRE,BELALCAZAR,15434,10842
890.803.239-9,Empresa de Obras Sanitarias de Caldas - Empocaldas S.A E.S.P,2017,OCTUBRE,CHINCHINA,261134,245387
890.803.239-9,Empresa de Obras Sanitarias de Caldas - Empocaldas S.A E.S.P,2017,OCTUBRE,FILADELFIA,11456,10631
890.803.239-9,Empresa de Obras Sanitarias de Caldas - Empocaldas S.A E.S.P,2017,OCTUBRE,GUARINOCITO,16254,0
890.803.239-9,Empresa de Obras Sanitarias de Caldas - Empocaldas S.A E.S.P,2017,OCTUBRE,KILOMETRO 41,6167,2808
890.803.239-9,Empresa de Obras Sanitarias de Caldas - Empocaldas S.A E.S.P,2017,OCTUBRE,LA DORADA,358981,297559
890.803.239-9,Empresa de Obras Sanitarias de Caldas - Empocaldas S.A E.S.P,2017,OCTUBRE,MANZANARES,19594,15739
890.803.239-9,Empresa de Obras Sanitarias de Caldas - Empocaldas S.A E.S.P,2017,OCTUBRE,MARMATO,22305,14000
890.803.239-9,Empresa de Obras Sanitarias de Caldas - Empocaldas S.A E.S.P,2017,OCTUBRE,MARQUETALIA,18550,15207
890.803.239-9,Empresa de Obras Sanitarias de Caldas - Empocaldas S.A E.S.P,2017,OCTUBRE,MARULANDA,1911,1853
890.803.239-9,Empresa de Obras Sanitarias de Caldas - Empocaldas S.A E.S.P,2017,OCTUBRE,NEIRA,36857,34346
890.803.239-9,Empresa de Obras Sanitarias de Caldas - Empocaldas S.A E.S.P,2017,OCTUBRE,PALESTINA,16151,13786
890.803.239-9,Empresa de Obras Sanitarias de Caldas - Empocaldas S.A E.S.P,2017,OCTUBRE,RIOSUCIO,56796,53452
890.803.239-9,Empresa de Obras Sanitarias de Caldas - Empocaldas S.A E.S.P,2017,OCTUBRE,RISARALDA,15884,11391
890.803.239-9,Empresa de Obras Sanitarias de Caldas - Empocaldas S.A E.S.P,2017,OCTUBRE,SALAMINA,28373,27639
890.803.239-9,Empresa de Obras Sanitarias de Caldas - Empocaldas S.A E.S.P,2017,OCTUBRE,SAMANA,16021,13313
890.803.239-9,Empresa de Obras Sanitarias de Caldas - Empocaldas S.A E.S.P,2017,OCTUBRE,SAN JOSE,5109,3304
890.803.239-9,Empresa de Obras Sanitarias de Caldas - Empocaldas S.A E.S.P,2017,OCTUBRE,SUPIA,58453,45488
890.803.239-9,Empresa de Obras Sanitarias de Caldas - Empocaldas S.A E.S.P,2017,OCTUBRE,VICTORIA,13662,11536
890.803.239-9,Empresa de Obras Sanitarias de Caldas - Empocaldas S.A E.S.P,2017,OCTUBRE,VITERBO,48915,43284
890.803.239-9,Empresa de Obras Sanitarias de Caldas - Empocaldas S.A E.S.P,2017,NOVIEMBRE,AGUADAS,37723,35061
890.803.239-9,Empresa de Obras Sanitarias de Caldas - Empocaldas S.A E.S.P,2017,NOVIEMBRE,ANSERMA,57781,55557
890.803.239-9,Empresa de Obras Sanitarias de Caldas - Empocaldas S.A E.S.P,2017,NOVIEMBRE,ARAUCA,16949,14921
890.803.239-9,Empresa de Obras Sanitarias de Caldas - Empocaldas S.A E.S.P,2017,NOVIEMBRE,ARMA,4177,2908
890.803.239-9,Empresa de Obras Sanitarias de Caldas - Empocaldas S.A E.S.P,2017,NOVIEMBRE,BELALCAZAR,16606,11556
890.803.239-9,Empresa de Obras Sanitarias de Caldas - Empocaldas S.A E.S.P,2017,NOVIEMBRE,CHINCHINA,264144,248500
890.803.239-9,Empresa de Obras Sanitarias de Caldas - Empocaldas S.A E.S.P,2017,NOVIEMBRE,FILADELFIA,10805,10067
890.803.239-9,Empresa de Obras Sanitarias de Caldas - Empocaldas S.A E.S.P,2017,NOVIEMBRE,GUARINOCITO,15731,0
890.803.239-9,Empresa de Obras Sanitarias de Caldas - Empocaldas S.A E.S.P,2017,NOVIEMBRE,KILOMETRO 41,6017,2813
890.803.239-9,Empresa de Obras Sanitarias de Caldas - Empocaldas S.A E.S.P,2017,NOVIEMBRE,LA DORADA,338594,281468
890.803.239-9,Empresa de Obras Sanitarias de Caldas - Empocaldas S.A E.S.P,2017,NOVIEMBRE,MANZANARES,21148,16982
890.803.239-9,Empresa de Obras Sanitarias de Caldas - Empocaldas S.A E.S.P,2017,NOVIEMBRE,MARMATO,16779,8436
890.803.239-9,Empresa de Obras Sanitarias de Caldas - Empocaldas S.A E.S.P,2017,NOVIEMBRE,MARQUETALIA,20940,17386
890.803.239-9,Empresa de Obras Sanitarias de Caldas - Empocaldas S.A E.S.P,2017,NOVIEMBRE,MARULANDA,1791,1750
890.803.239-9,Empresa de Obras Sanitarias de Caldas - Empocaldas S.A E.S.P,2017,NOVIEMBRE,NEIRA,38972,36434
890.803.239-9,Empresa de Obras Sanitarias de Caldas - Empocaldas S.A E.S.P,2017,NOVIEMBRE,PALESTINA,17425,14799
890.803.239-9,Empresa de Obras Sanitarias de Caldas - Empocaldas S.A E.S.P,2017,NOVIEMBRE,RIOSUCIO,59288,55466
890.803.239-9,Empresa de Obras Sanitarias de Caldas - Empocaldas S.A E.S.P,2017,NOVIEMBRE,RISARALDA,14890,10419
890.803.239-9,Empresa de Obras Sanitarias de Caldas - Empocaldas S.A E.S.P,2017,NOVIEMBRE,SALAMINA,29518,28615
890.803.239-9,Empresa de Obras Sanitarias de Caldas - Empocaldas S.A E.S.P,2017,NOVIEMBRE,SAMANA,17648,15074
890.803.239-9,Empresa de Obras Sanitarias de Caldas - Empocaldas S.A E.S.P,2017,NOVIEMBRE,SAN JOSE,5962,3653
890.803.239-9,Empresa de Obras Sanitarias de Caldas - Empocaldas S.A E.S.P,2017,NOVIEMBRE,SUPIA,60235,45798
890.803.239-9,Empresa de Obras Sanitarias de Caldas - Empocaldas S.A E.S.P,2017,NOVIEMBRE,VICTORIA,12435,10417
890.803.239-9,Empresa de Obras Sanitarias de Caldas - Empocaldas S.A E.S.P,2017,NOVIEMBRE,VITERBO,57201,50781
890.803.239-9,Empresa de Obras Sanitarias de Caldas - Empocaldas S.A E.S.P,2017,DICIEMBRE,AGUADAS,40798,38678
890.803.239-9,Empresa de Obras Sanitarias de Caldas - Empocaldas S.A E.S.P,2017,DICIEMBRE,ANSERMA,64560,62444
890.803.239-9,Empresa de Obras Sanitarias de Caldas - Empocaldas S.A E.S.P,2017,DICIEMBRE,ARAUCA,18400,16322
890.803.239-9,Empresa de Obras Sanitarias de Caldas - Empocaldas S.A E.S.P,2017,DICIEMBRE,ARMA,3953,2889
890.803.239-9,Empresa de Obras Sanitarias de Caldas - Empocaldas S.A E.S.P,2017,DICIEMBRE,BELALCAZAR,14547,10239
890.803.239-9,Empresa de Obras Sanitarias de Caldas - Empocaldas S.A E.S.P,2017,DICIEMBRE,CHINCHINA,267110,253340
890.803.239-9,Empresa de Obras Sanitarias de Caldas - Empocaldas S.A E.S.P,2017,DICIEMBRE,FILADELFIA,13016,11051
890.803.239-9,Empresa de Obras Sanitarias de Caldas - Empocaldas S.A E.S.P,2017,DICIEMBRE,GUARINOCITO,13898,0
890.803.239-9,Empresa de Obras Sanitarias de Caldas - Empocaldas S.A E.S.P,2017,DICIEMBRE,KILOMETRO 41,6025,2796
890.803.239-9,Empresa de Obras Sanitarias de Caldas - Empocaldas S.A E.S.P,2017,DICIEMBRE,LA DORADA,366768,296901
890.803.239-9,Empresa de Obras Sanitarias de Caldas - Empocaldas S.A E.S.P,2017,DICIEMBRE,MANZANARES,19992,16165
890.803.239-9,Empresa de Obras Sanitarias de Caldas - Empocaldas S.A E.S.P,2017,DICIEMBRE,MARMATO,15846,7972
890.803.239-9,Empresa de Obras Sanitarias de Caldas - Empocaldas S.A E.S.P,2017,DICIEMBRE,MARQUETALIA,19170,15948
890.803.239-9,Empresa de Obras Sanitarias de Caldas - Empocaldas S.A E.S.P,2017,DICIEMBRE,MARULANDA,2027,1980
890.803.239-9,Empresa de Obras Sanitarias de Caldas - Empocaldas S.A E.S.P,2017,DICIEMBRE,NEIRA,42655,40691
890.803.239-9,Empresa de Obras Sanitarias de Caldas - Empocaldas S.A E.S.P,2017,DICIEMBRE,PALESTINA,18553,15580
890.803.239-9,Empresa de Obras Sanitarias de Caldas - Empocaldas S.A E.S.P,2017,DICIEMBRE,RIOSUCIO,59669,56262
890.803.239-9,Empresa de Obras Sanitarias de Caldas - Empocaldas S.A E.S.P,2017,DICIEMBRE,RISARALDA,16324,11777
890.803.239-9,Empresa de Obras Sanitarias de Caldas - Empocaldas S.A E.S.P,2017,DICIEMBRE,SALAMINA,28854,28137
890.803.239-9,Empresa de Obras Sanitarias de Caldas - Empocaldas S.A E.S.P,2017,DICIEMBRE,SAMANA,17420,14498
890.803.239-9,Empresa de Obras Sanitarias de Caldas - Empocaldas S.A E.S.P,2017,DICIEMBRE,SAN JOSE,4667,3031
890.803.239-9,Empresa de Obras Sanitarias de Caldas - Empocaldas S.A E.S.P,2017,DICIEMBRE,SUPIA,70399,54064
890.803.239-9,Empresa de Obras Sanitarias de Caldas - Empocaldas S.A E.S.P,2017,DICIEMBRE,VICTORIA,12686,10847
890.803.239-9,Empresa de Obras Sanitarias de Caldas - Empocaldas S.A E.S.P,2017,DICIEMBRE,VITERBO,44379,38213
890.803.239-9,Empresa de Obras Sanitarias de Caldas - Empocaldas S.A E.S.P,2018,ENERO,AGUADAS,40066,38324
890.803.239-9,Empresa de Obras Sanitarias de Caldas - Empocaldas S.A E.S.P,2018,ENERO,ANSERMA,60561,58509
890.803.239-9,Empresa de Obras Sanitarias de Caldas - Empocaldas S.A E.S.P,2018,ENERO,ARAUCA,18766,16738
890.803.239-9,Empresa de Obras Sanitarias de Caldas - Empocaldas S.A E.S.P,2018,ENERO,ARMA,5071,3508
890.803.239-9,Empresa de Obras Sanitarias de Caldas - Empocaldas S.A E.S.P,2018,ENERO,BELALCAZAR,17045,11996
890.803.239-9,Empresa de Obras Sanitarias de Caldas - Empocaldas S.A E.S.P,2018,ENERO,CHINCHINA,274341,259889
890.803.239-9,Empresa de Obras Sanitarias de Caldas - Empocaldas S.A E.S.P,2018,ENERO,FILADELFIA,13168,12141
890.803.239-9,Empresa de Obras Sanitarias de Caldas - Empocaldas S.A E.S.P,2018,ENERO,GUARINOCITO,20501,0
890.803.239-9,Empresa de Obras Sanitarias de Caldas - Empocaldas S.A E.S.P,2018,ENERO,KILOMETRO 41,7256,3139
890.803.239-9,Empresa de Obras Sanitarias de Caldas - Empocaldas S.A E.S.P,2018,ENERO,LA DORADA,413383,336204
890.803.239-9,Empresa de Obras Sanitarias de Caldas - Empocaldas S.A E.S.P,2018,ENERO,MANZANARES,21353,17332
890.803.239-9,Empresa de Obras Sanitarias de Caldas - Empocaldas S.A E.S.P,2018,ENERO,MARMATO,14236,8125
890.803.239-9,Empresa de Obras Sanitarias de Caldas - Empocaldas S.A E.S.P,2018,ENERO,MARQUETALIA,0,18131
890.803.239-9,Empresa de Obras Sanitarias de Caldas - Empocaldas S.A E.S.P,2018,ENERO,MARULANDA,0,1850
890.803.239-9,Empresa de Obras Sanitarias de Caldas - Empocaldas S.A E.S.P,2018,ENERO,NEIRA,20322,38209
890.803.239-9,Empresa de Obras Sanitarias de Caldas - Empocaldas S.A E.S.P,2018,ENERO,PALESTINA,0,14099
890.803.239-9,Empresa de Obras Sanitarias de Caldas - Empocaldas S.A E.S.P,2018,ENERO,RIOSUCIO,0,58019
890.803.239-9,Empresa de Obras Sanitarias de Caldas - Empocaldas S.A E.S.P,2018,ENERO,RISARALDA,16108,10967
890.803.239-9,Empresa de Obras Sanitarias de Caldas - Empocaldas S.A E.S.P,2018,ENERO,SALAMINA,29204,32777
890.803.239-9,Empresa de Obras Sanitarias de Caldas - Empocaldas S.A E.S.P,2018,ENERO,SAMANA,0,17391
890.803.239-9,Empresa de Obras Sanitarias de Caldas - Empocaldas S.A E.S.P,2018,ENERO,SAN JOSE,0,3377
890.803.239-9,Empresa de Obras Sanitarias de Caldas - Empocaldas S.A E.S.P,2018,ENERO,SUPIA,62856,48811
890.803.239-9,Empresa de Obras Sanitarias de Caldas - Empocaldas S.A E.S.P,2018,ENERO,VICTORIA,13488,11716
890.803.239-9,Empresa de Obras Sanitarias de Caldas - Empocaldas S.A E.S.P,2018,ENERO,VITERBO,55233,46580
890.803.239-9,Empresa de Obras Sanitarias de Caldas - Empocaldas S.A E.S.P,2018,FEBRERO,AGUADAS,40167,37446
890.803.239-9,Empresa de Obras Sanitarias de Caldas - Empocaldas S.A E.S.P,2018,FEBRERO,ANSERMA,54871,52873
890.803.239-9,Empresa de Obras Sanitarias de Caldas - Empocaldas S.A E.S.P,2018,FEBRERO,ARAUCA,18517,16487
890.803.239-9,Empresa de Obras Sanitarias de Caldas - Empocaldas S.A E.S.P,2018,FEBRERO,ARMA,4186,3034
890.803.239-9,Empresa de Obras Sanitarias de Caldas - Empocaldas S.A E.S.P,2018,FEBRERO,BELALCAZAR,16105,11318
890.803.239-9,Empresa de Obras Sanitarias de Caldas - Empocaldas S.A E.S.P,2018,FEBRERO,CHINCHINA,276496,262063
890.803.239-9,Empresa de Obras Sanitarias de Caldas - Empocaldas S.A E.S.P,2018,FEBRERO,FILADELFIA,12089,11208
890.803.239-9,Empresa de Obras Sanitarias de Caldas - Empocaldas S.A E.S.P,2018,FEBRERO,GUARINOCITO,18111,0
890.803.239-9,Empresa de Obras Sanitarias de Caldas - Empocaldas S.A E.S.P,2018,FEBRERO,KILOMETRO 41,6415,2716
890.803.239-9,Empresa de Obras Sanitarias de Caldas - Empocaldas S.A E.S.P,2018,FEBRERO,LA DORADA,402184,319445
890.803.239-9,Empresa de Obras Sanitarias de Caldas - Empocaldas S.A E.S.P,2018,FEBRERO,MANZANARES,21140,17200
890.803.239-9,Empresa de Obras Sanitarias de Caldas - Empocaldas S.A E.S.P,2018,FEBRERO,MARMATO,19309,9956
890.803.239-9,Empresa de Obras Sanitarias de Caldas - Empocaldas S.A E.S.P,2018,FEBRERO,MARQUETALIA,18648,15381
890.803.239-9,Empresa de Obras Sanitarias de Caldas - Empocaldas S.A E.S.P,2018,FEBRERO,MARULANDA,1796,1729
890.803.239-9,Empresa de Obras Sanitarias de Caldas - Empocaldas S.A E.S.P,2018,FEBRERO,NEIRA,36104,34038
890.803.239-9,Empresa de Obras Sanitarias de Caldas - Empocaldas S.A E.S.P,2018,FEBRERO,PALESTINA,17535,14349
890.803.239-9,Empresa de Obras Sanitarias de Caldas - Empocaldas S.A E.S.P,2018,FEBRERO,RIOSUCIO,60375,56871
890.803.239-9,Empresa de Obras Sanitarias de Caldas - Empocaldas S.A E.S.P,2018,FEBRERO,RISARALDA,15575,11083
890.803.239-9,Empresa de Obras Sanitarias de Caldas - Empocaldas S.A E.S.P,2018,FEBRERO,SALAMINA,29762,28922
890.803.239-9,Empresa de Obras Sanitarias de Caldas - Empocaldas S.A E.S.P,2018,FEBRERO,SAMANA,17552,14619
890.803.239-9,Empresa de Obras Sanitarias de Caldas - Empocaldas S.A E.S.P,2018,FEBRERO,SAN JOSE,5419,3645
890.803.239-9,Empresa de Obras Sanitarias de Caldas - Empocaldas S.A E.S.P,2018,FEBRERO,SUPIA,62535,48201
890.803.239-9,Empresa de Obras Sanitarias de Caldas - Empocaldas S.A E.S.P,2018,FEBRERO,VICTORIA,12972,11148
890.803.239-9,Empresa de Obras Sanitarias de Caldas - Empocaldas S.A E.S.P,2018,FEBRERO,VITERBO,52758,45827
890.803.239-9,Empresa de Obras Sanitarias de Caldas - Empocaldas S.A E.S.P,2018,MARZO,AGUADAS,35078,32653
890.803.239-9,Empresa de Obras Sanitarias de Caldas - Empocaldas S.A E.S.P,2018,MARZO,ANSERMA,60138,57703
890.803.239-9,Empresa de Obras Sanitarias de Caldas - Empocaldas S.A E.S.P,2018,MARZO,ARAUCA,15015,13321
890.803.239-9,Empresa de Obras Sanitarias de Caldas - Empocaldas S.A E.S.P,2018,MARZO,ARMA,3616,2407
890.803.239-9,Empresa de Obras Sanitarias de Caldas - Empocaldas S.A E.S.P,2018,MARZO,BELALCAZAR,15059,10565
890.803.239-9,Empresa de Obras Sanitarias de Caldas - Empocaldas S.A E.S.P,2018,MARZO,CHINCHINA,262775,251297
890.803.239-9,Empresa de Obras Sanitarias de Caldas - Empocaldas S.A E.S.P,2018,MARZO,FILADELFIA,11255,10463
890.803.239-9,Empresa de Obras Sanitarias de Caldas - Empocaldas S.A E.S.P,2018,MARZO,GUARINOCITO,15170,0
890.803.239-9,Empresa de Obras Sanitarias de Caldas - Empocaldas S.A E.S.P,2018,MARZO,KILOMETRO 41,5663,2672
890.803.239-9,Empresa de Obras Sanitarias de Caldas - Empocaldas S.A E.S.P,2018,MARZO,LA DORADA,371337,295453
890.803.239-9,Empresa de Obras Sanitarias de Caldas - Empocaldas S.A E.S.P,2018,MARZO,MANZANARES,18656,15090
890.803.239-9,Empresa de Obras Sanitarias de Caldas - Empocaldas S.A E.S.P,2018,MARZO,MARMATO,18739,12522
890.803.239-9,Empresa de Obras Sanitarias de Caldas - Empocaldas S.A E.S.P,2018,MARZO,MARQUETALIA,17397,14282
890.803.239-9,Empresa de Obras Sanitarias de Caldas - Empocaldas S.A E.S.P,2018,MARZO,MARULANDA,1771,1714
890.803.239-9,Empresa de Obras Sanitarias de Caldas - Empocaldas S.A E.S.P,2018,MARZO,NEIRA,32664,30337
890.803.239-9,Empresa de Obras Sanitarias de Caldas - Empocaldas S.A E.S.P,2018,MARZO,PALESTINA,16114,13453
890.803.239-9,Empresa de Obras Sanitarias de Caldas - Empocaldas S.A E.S.P,2018,MARZO,RIOSUCIO,52715,49429
890.803.239-9,Empresa de Obras Sanitarias de Caldas - Empocaldas S.A E.S.P,2018,MARZO,RISARALDA,14956,10487
890.803.239-9,Empresa de Obras Sanitarias de Caldas - Empocaldas S.A E.S.P,2018,MARZO,SALAMINA,27801,26939
890.803.239-9,Empresa de Obras Sanitarias de Caldas - Empocaldas S.A E.S.P,2018,MARZO,SAMANA,16497,13867
890.803.239-9,Empresa de Obras Sanitarias de Caldas - Empocaldas S.A E.S.P,2018,MARZO,SAN JOSE,4870,3162
890.803.239-9,Empresa de Obras Sanitarias de Caldas - Empocaldas S.A E.S.P,2018,MARZO,SUPIA,58504,48413
890.803.239-9,Empresa de Obras Sanitarias de Caldas - Empocaldas S.A E.S.P,2018,MARZO,VICTORIA,12300,10574
890.803.239-9,Empresa de Obras Sanitarias de Caldas - Empocaldas S.A E.S.P,2018,MARZO,VITERBO,46714,30226
890.803.239-9,Empresa de Obras Sanitarias de Caldas - Empocaldas S.A E.S.P,2018,ABRIL,AGUADAS,32761,37001
890.803.239-9,Empresa de Obras Sanitarias de Caldas - Empocaldas S.A E.S.P,2018,ABRIL,ANSERMA,0,63010
890.803.239-9,Empresa de Obras Sanitarias de Caldas - Empocaldas S.A E.S.P,2018,ABRIL,ARAUCA,0,16651
890.803.239-9,Empresa de Obras Sanitarias de Caldas - Empocaldas S.A E.S.P,2018,ABRIL,ARMA,0,3371
890.803.239-9,Empresa de Obras Sanitarias de Caldas - Empocaldas S.A E.S.P,2018,ABRIL,BELALCAZAR,0,11785
890.803.239-9,Empresa de Obras Sanitarias de Caldas - Empocaldas S.A E.S.P,2018,ABRIL,CHINCHINA,0,272720
890.803.239-9,Empresa de Obras Sanitarias de Caldas - Empocaldas S.A E.S.P,2018,ABRIL,FILADELFIA,10347,11428
890.803.239-9,Empresa de Obras Sanitarias de Caldas - Empocaldas S.A E.S.P,2018,ABRIL,GUARINOCITO,0,0
890.803.239-9,Empresa de Obras Sanitarias de Caldas - Empocaldas S.A E.S.P,2018,ABRIL,KILOMETRO 41,0,3223
890.803.239-9,Empresa de Obras Sanitarias de Caldas - Empocaldas S.A E.S.P,2018,ABRIL,LA DORADA,107154,309978
890.803.239-9,Empresa de Obras Sanitarias de Caldas - Empocaldas S.A E.S.P,2018,ABRIL,MANZANARES,17453,17212
890.803.239-9,Empresa de Obras Sanitarias de Caldas - Empocaldas S.A E.S.P,2018,ABRIL,MARMATO,0,12482
890.803.239-9,Empresa de Obras Sanitarias de Caldas - Empocaldas S.A E.S.P,2018,ABRIL,MARQUETALIA,0,18154
890.803.239-9,Empresa de Obras Sanitarias de Caldas - Empocaldas S.A E.S.P,2018,ABRIL,MARULANDA,0,1786
890.803.239-9,Empresa de Obras Sanitarias de Caldas - Empocaldas S.A E.S.P,2018,ABRIL,NEIRA,0,42278
890.803.239-9,Empresa de Obras Sanitarias de Caldas - Empocaldas S.A E.S.P,2018,ABRIL,PALESTINA,0,15493
890.803.239-9,Empresa de Obras Sanitarias de Caldas - Empocaldas S.A E.S.P,2018,ABRIL,RIOSUCIO,9941,56146
890.803.239-9,Empresa de Obras Sanitarias de Caldas - Empocaldas S.A E.S.P,2018,ABRIL,RISARALDA,16503,11676
890.803.239-9,Empresa de Obras Sanitarias de Caldas - Empocaldas S.A E.S.P,2018,ABRIL,SALAMINA,31802,30937
890.803.239-9,Empresa de Obras Sanitarias de Caldas - Empocaldas S.A E.S.P,2018,ABRIL,SAMANA,15957,15398
890.803.239-9,Empresa de Obras Sanitarias de Caldas - Empocaldas S.A E.S.P,2018,ABRIL,SAN JOSE,0,3475
890.803.239-9,Empresa de Obras Sanitarias de Caldas - Empocaldas S.A E.S.P,2018,ABRIL,SUPIA,0,54602
890.803.239-9,Empresa de Obras Sanitarias de Caldas - Empocaldas S.A E.S.P,2018,ABRIL,VICTORIA,2098,11521
890.803.239-9,Empresa de Obras Sanitarias de Caldas - Empocaldas S.A E.S.P,2018,ABRIL,VITERBO,51964,44651
890.803.239-9,Empresa de Obras Sanitarias de Caldas - Empocaldas S.A E.S.P,2018,MAYO,AGUADAS,29761,34619
890.803.239-9,Empresa de Obras Sanitarias de Caldas - Empocaldas S.A E.S.P,2018,MAYO,ANSERMA,0,64531
890.803.239-9,Empresa de Obras Sanitarias de Caldas - Empocaldas S.A E.S.P,2018,MAYO,ARAUCA,0,15563
890.803.239-9,Empresa de Obras Sanitarias de Caldas - Empocaldas S.A E.S.P,2018,MAYO,ARMA,456,2928
890.803.239-9,Empresa de Obras Sanitarias de Caldas - Empocaldas S.A E.S.P,2018,MAYO,BELALCAZAR,0,12077
890.803.239-9,Empresa de Obras Sanitarias de Caldas - Empocaldas S.A E.S.P,2018,MAYO,CHINCHINA,0,273245
890.803.239-9,Empresa de Obras Sanitarias de Caldas - Empocaldas S.A E.S.P,2018,MAYO,FILADELFIA,0,11269
890.803.239-9,Empresa de Obras Sanitarias de Caldas - Empocaldas S.A E.S.P,2018,MAYO,GUARINOCITO,0,0
890.803.239-9,Empresa de Obras Sanitarias de Caldas - Empocaldas S.A E.S.P,2018,MAYO,KILOMETRO 41,0,3083
890.803.239-9,Empresa de Obras Sanitarias de Caldas - Empocaldas S.A E.S.P,2018,MAYO,LA DORADA,113005,311409
890.803.239-9,Empresa de Obras Sanitarias de Caldas - Empocaldas S.A E.S.P,2018,MAYO,MANZANARES,16819,16876
890.803.239-9,Empresa de Obras Sanitarias de Caldas - Empocaldas S.A E.S.P,2018,MAYO,MARMATO,0,8643
890.803.239-9,Empresa de Obras Sanitarias de Caldas - Empocaldas S.A E.S.P,2018,MAYO,MARQUETALIA,0,15375
890.803.239-9,Empresa de Obras Sanitarias de Caldas - Empocaldas S.A E.S.P,2018,MAYO,MARULANDA,0,1746
890.803.239-9,Empresa de Obras Sanitarias de Caldas - Empocaldas S.A E.S.P,2018,MAYO,NEIRA,0,41012
890.803.239-9,Empresa de Obras Sanitarias de Caldas - Empocaldas S.A E.S.P,2018,MAYO,PALESTINA,0,14138
890.803.239-9,Empresa de Obras Sanitarias de Caldas - Empocaldas S.A E.S.P,2018,MAYO,RIOSUCIO,10419,57035
890.803.239-9,Empresa de Obras Sanitarias de Caldas - Empocaldas S.A E.S.P,2018,MAYO,RISARALDA,15872,11705
890.803.239-9,Empresa de Obras Sanitarias de Caldas - Empocaldas S.A E.S.P,2018,MAYO,SALAMINA,28039,27359
890.803.239-9,Empresa de Obras Sanitarias de Caldas - Empocaldas S.A E.S.P,2018,MAYO,SAMANA,16293,16367
890.803.239-9,Empresa de Obras Sanitarias de Caldas - Empocaldas S.A E.S.P,2018,MAYO,SAN JOSE,0,3362
890.803.239-9,Empresa de Obras Sanitarias de Caldas - Empocaldas S.A E.S.P,2018,MAYO,SUPIA,0,51350
890.803.239-9,Empresa de Obras Sanitarias de Caldas - Empocaldas S.A E.S.P,2018,MAYO,VICTORIA,2205,11978
890.803.239-9,Empresa de Obras Sanitarias de Caldas - Empocaldas S.A E.S.P,2018,MAYO,VITERBO,51062,45176
890.803.239-9,Empresa de Obras Sanitarias de Caldas - Empocaldas S.A E.S.P,2018,JUNIO,AGUADAS,33964,39740
890.803.239-9,Empresa de Obras Sanitarias de Caldas - Empocaldas S.A E.S.P,2018,JUNIO,ANSERMA,0,62967
890.803.239-9,Empresa de Obras Sanitarias de Caldas - Empocaldas S.A E.S.P,2018,JUNIO,ARAUCA,0,16561
890.803.239-9,Empresa de Obras Sanitarias de Caldas - Empocaldas S.A E.S.P,2018,JUNIO,ARMA,0,2885
890.803.239-9,Empresa de Obras Sanitarias de Caldas - Empocaldas S.A E.S.P,2018,JUNIO,BELALCAZAR,0,11737
890.803.239-9,Empresa de Obras Sanitarias de Caldas - Empocaldas S.A E.S.P,2018,JUNIO,CHINCHINA,0,268809
890.803.239-9,Empresa de Obras Sanitarias de Caldas - Empocaldas S.A E.S.P,2018,JUNIO,FILADELFIA,0,12029
890.803.239-9,Empresa de Obras Sanitarias de Caldas - Empocaldas S.A E.S.P,2018,JUNIO,GUARINOCITO,0,0
890.803.239-9,Empresa de Obras Sanitarias de Caldas - Empocaldas S.A E.S.P,2018,JUNIO,KILOMETRO 41,0,2918
890.803.239-9,Empresa de Obras Sanitarias de Caldas - Empocaldas S.A E.S.P,2018,JUNIO,LA DORADA,107965,305738
890.803.239-9,Empresa de Obras Sanitarias de Caldas - Empocaldas S.A E.S.P,2018,JUNIO,MANZANARES,16783,17171
890.803.239-9,Empresa de Obras Sanitarias de Caldas - Empocaldas S.A E.S.P,2018,JUNIO,MARMATO,0,8955
890.803.239-9,Empresa de Obras Sanitarias de Caldas - Empocaldas S.A E.S.P,2018,JUNIO,MARQUETALIA,0,16989
890.803.239-9,Empresa de Obras Sanitarias de Caldas - Empocaldas S.A E.S.P,2018,JUNIO,MARULANDA,0,1646
890.803.239-9,Empresa de Obras Sanitarias de Caldas - Empocaldas S.A E.S.P,2018,JUNIO,NEIRA,0,34089
890.803.239-9,Empresa de Obras Sanitarias de Caldas - Empocaldas S.A E.S.P,2018,JUNIO,PALESTINA,0,15245
890.803.239-9,Empresa de Obras Sanitarias de Caldas - Empocaldas S.A E.S.P,2018,JUNIO,RIOSUCIO,9599,55607
890.803.239-9,Empresa de Obras Sanitarias de Caldas - Empocaldas S.A E.S.P,2018,JUNIO,RISARALDA,16311,11419
890.803.239-9,Empresa de Obras Sanitarias de Caldas - Empocaldas S.A E.S.P,2018,JUNIO,SALAMINA,31777,31156
890.803.239-9,Empresa de Obras Sanitarias de Caldas - Empocaldas S.A E.S.P,2018,JUNIO,SAMANA,15090,14746
890.803.239-9,Empresa de Obras Sanitarias de Caldas - Empocaldas S.A E.S.P,2018,JUNIO,SAN JOSE,0,3686
890.803.239-9,Empresa de Obras Sanitarias de Caldas - Empocaldas S.A E.S.P,2018,JUNIO,SUPIA,0,51925
890.803.239-9,Empresa de Obras Sanitarias de Caldas - Empocaldas S.A E.S.P,2018,JUNIO,VICTORIA,2193,12162
890.803.239-9,Empresa de Obras Sanitarias de Caldas - Empocaldas S.A E.S.P,2018,JUNIO,VITERBO,54718,48365
890.803.239-9,Empresa de Obras Sanitarias de Caldas - Empocaldas S.A E.S.P,2018,JULIO,AGUADAS,36062,33739
890.803.239-9,Empresa de Obras Sanitarias de Caldas - Empocaldas S.A E.S.P,2018,JULIO,ANSERMA,55060,53184
890.803.239-9,Empresa de Obras Sanitarias de Caldas - Empocaldas S.A E.S.P,2018,JULIO,ARAUCA,16895,14917
890.803.239-9,Empresa de Obras Sanitarias de Caldas - Empocaldas S.A E.S.P,2018,JULIO,ARMA,4891,3490
890.803.239-9,Empresa de Obras Sanitarias de Caldas - Empocaldas S.A E.S.P,2018,JULIO,BELALCAZAR,14867,10588
890.803.239-9,Empresa de Obras Sanitarias de Caldas - Empocaldas S.A E.S.P,2018,JULIO,CHINCHINA,285088,269465
890.803.239-9,Empresa de Obras Sanitarias de Caldas - Empocaldas S.A E.S.P,2018,JULIO,FILADELFIA,12200,11038
890.803.239-9,Empresa de Obras Sanitarias de Caldas - Empocaldas S.A E.S.P,2018,JULIO,GUARINOCITO,16545,0
890.803.239-9,Empresa de Obras Sanitarias de Caldas - Empocaldas S.A E.S.P,2018,JULIO,KILOMETRO 41,6599,2936
890.803.239-9,Empresa de Obras Sanitarias de Caldas - Empocaldas S.A E.S.P,2018,JULIO,LA DORADA,379251,299643
890.803.239-9,Empresa de Obras Sanitarias de Caldas - Empocaldas S.A E.S.P,2018,JULIO,MANZANARES,22874,18064
890.803.239-9,Empresa de Obras Sanitarias de Caldas - Empocaldas S.A E.S.P,2018,JULIO,MARMATO,16740,8353
890.803.239-9,Empresa de Obras Sanitarias de Caldas - Empocaldas S.A E.S.P,2018,JULIO,MARQUETALIA,19612,15974
890.803.239-9,Empresa de Obras Sanitarias de Caldas - Empocaldas S.A E.S.P,2018,JULIO,MARULANDA,1765,1717
890.803.239-9,Empresa de Obras Sanitarias de Caldas - Empocaldas S.A E.S.P,2018,JULIO,NEIRA,39994,37839
890.803.239-9,Empresa de Obras Sanitarias de Caldas - Empocaldas S.A E.S.P,2018,JULIO,PALESTINA,16165,13593
890.803.239-9,Empresa de Obras Sanitarias de Caldas - Empocaldas S.A E.S.P,2018,JULIO,RIOSUCIO,57881,54172
890.803.239-9,Empresa de Obras Sanitarias de Caldas - Empocaldas S.A E.S.P,2018,JULIO,RISARALDA,15666,10890
890.803.239-9,Empresa de Obras Sanitarias de Caldas - Empocaldas S.A E.S.P,2018,JULIO,SALAMINA,29357,28672
890.803.239-9,Empresa de Obras Sanitarias de Caldas - Empocaldas S.A E.S.P,2018,JULIO,SAMANA,19080,15685
890.803.239-9,Empresa de Obras Sanitarias de Caldas - Empocaldas S.A E.S.P,2018,JULIO,SAN JOSE,5098,3302
890.803.239-9,Empresa de Obras Sanitarias de Caldas - Empocaldas S.A E.S.P,2018,JULIO,SUPIA,66166,51671
890.803.239-9,Empresa de Obras Sanitarias de Caldas - Empocaldas S.A E.S.P,2018,JULIO,VICTORIA,13991,12000
890.803.239-9,Empresa de Obras Sanitarias de Caldas - Empocaldas S.A E.S.P,2018,JULIO,VITERBO,50768,44300
890.803.239-9,Empresa de Obras Sanitarias de Caldas - Empocaldas S.A E.S.P,2018,AGOSTO,AGUADAS,33574,38895
890.803.239-9,Empresa de Obras Sanitarias de Caldas - Empocaldas S.A E.S.P,2018,AGOSTO,ANSERMA,0,72314
890.803.239-9,Empresa de Obras Sanitarias de Caldas - Empocaldas S.A E.S.P,2018,AGOSTO,ARAUCA,0,14783
890.803.239-9,Empresa de Obras Sanitarias de Caldas - Empocaldas S.A E.S.P,2018,AGOSTO,ARMA,0,3210
890.803.239-9,Empresa de Obras Sanitarias de Caldas - Empocaldas S.A E.S.P,2018,AGOSTO,BELALCAZAR,0,11969
890.803.239-9,Empresa de Obras Sanitarias de Caldas - Empocaldas S.A E.S.P,2018,AGOSTO,CHINCHINA,0,288394
890.803.239-9,Empresa de Obras Sanitarias de Caldas - Empocaldas S.A E.S.P,2018,AGOSTO,FILADELFIA,0,11663
890.803.239-9,Empresa de Obras Sanitarias de Caldas - Empocaldas S.A E.S.P,2018,AGOSTO,GUARINOCITO,0,0
890.803.239-9,Empresa de Obras Sanitarias de Caldas - Empocaldas S.A E.S.P,2018,AGOSTO,KILOMETRO 41,0,3019
890.803.239-9,Empresa de Obras Sanitarias de Caldas - Empocaldas S.A E.S.P,2018,AGOSTO,LA DORADA,100748,308078
890.803.239-9,Empresa de Obras Sanitarias de Caldas - Empocaldas S.A E.S.P,2018,AGOSTO,MANZANARES,18492,18555
890.803.239-9,Empresa de Obras Sanitarias de Caldas - Empocaldas S.A E.S.P,2018,AGOSTO,MARMATO,0,9891
890.803.239-9,Empresa de Obras Sanitarias de Caldas - Empocaldas S.A E.S.P,2018,AGOSTO,MARQUETALIA,0,16136
890.803.239-9,Empresa de Obras Sanitarias de Caldas - Empocaldas S.A E.S.P,2018,AGOSTO,MARULANDA,0,1592
890.803.239-9,Empresa de Obras Sanitarias de Caldas - Empocaldas S.A E.S.P,2018,AGOSTO,NEIRA,0,39721
890.803.239-9,Empresa de Obras Sanitarias de Caldas - Empocaldas S.A E.S.P,2018,AGOSTO,PALESTINA,0,14197
890.803.239-9,Empresa de Obras Sanitarias de Caldas - Empocaldas S.A E.S.P,2018,AGOSTO,RIOSUCIO,10503,58684
890.803.239-9,Empresa de Obras Sanitarias de Caldas - Empocaldas S.A E.S.P,2018,AGOSTO,RISARALDA,17958,12031
890.803.239-9,Empresa de Obras Sanitarias de Caldas - Empocaldas S.A E.S.P,2018,AGOSTO,SALAMINA,30851,30172
890.803.239-9,Empresa de Obras Sanitarias de Caldas - Empocaldas S.A E.S.P,2018,AGOSTO,SAMANA,14277,13952
890.803.239-9,Empresa de Obras Sanitarias de Caldas - Empocaldas S.A E.S.P,2018,AGOSTO,SAN JOSE,0,3789
890.803.239-9,Empresa de Obras Sanitarias de Caldas - Empocaldas S.A E.S.P,2018,AGOSTO,SUPIA,0,53523
890.803.239-9,Empresa de Obras Sanitarias de Caldas - Empocaldas S.A E.S.P,2018,AGOSTO,VICTORIA,2432,13476
890.803.239-9,Empresa de Obras Sanitarias de Caldas - Empocaldas S.A E.S.P,2018,AGOSTO,VITERBO,57890,49655
890.803.239-9,Empresa de Obras Sanitarias de Caldas - Empocaldas S.A E.S.P,2018,SEPTIEMBRE,AGUADAS,33930,39237
890.803.239-9,Empresa de Obras Sanitarias de Caldas - Empocaldas S.A E.S.P,2018,SEPTIEMBRE,ANSERMA,0,60915
890.803.239-9,Empresa de Obras Sanitarias de Caldas - Empocaldas S.A E.S.P,2018,SEPTIEMBRE,ARAUCA,0,16788
890.803.239-9,Empresa de Obras Sanitarias de Caldas - Empocaldas S.A E.S.P,2018,SEPTIEMBRE,ARMA,405,3331
890.803.239-9,Empresa de Obras Sanitarias de Caldas - Empocaldas S.A E.S.P,2018,SEPTIEMBRE,BELALCAZAR,1984,13170
890.803.239-9,Empresa de Obras Sanitarias de Caldas - Empocaldas S.A E.S.P,2018,SEPTIEMBRE,CHINCHINA,297278,280748
890.803.239-9,Empresa de Obras Sanitarias de Caldas - Empocaldas S.A E.S.P,2018,SEPTIEMBRE,FILADELFIA,11405,13041
890.803.239-9,Empresa de Obras Sanitarias de Caldas - Empocaldas S.A E.S.P,2018,SEPTIEMBRE,GUARINOCITO,5169,0
890.803.239-9,Empresa de Obras Sanitarias de Caldas - Empocaldas S.A E.S.P,2018,SEPTIEMBRE,KILOMETRO 41,7703,3540
890.803.239-9,Empresa de Obras Sanitarias de Caldas - Empocaldas S.A E.S.P,2018,SEPTIEMBRE,LA DORADA,397427,313487
890.803.239-9,Empresa de Obras Sanitarias de Caldas - Empocaldas S.A E.S.P,2018,SEPTIEMBRE,MANZANARES,17042,17176
890.803.239-9,Empresa de Obras Sanitarias de Caldas - Empocaldas S.A E.S.P,2018,SEPTIEMBRE,MARMATO,3563,9667
890.803.239-9,Empresa de Obras Sanitarias de Caldas - Empocaldas S.A E.S.P,2018,SEPTIEMBRE,MARQUETALIA,19760,18524
890.803.239-9,Empresa de Obras Sanitarias de Caldas - Empocaldas S.A E.S.P,2018,SEPTIEMBRE,MARULANDA,0,1982
890.803.239-9,Empresa de Obras Sanitarias de Caldas - Empocaldas S.A E.S.P,2018,SEPTIEMBRE,NEIRA,5648,36219
890.803.239-9,Empresa de Obras Sanitarias de Caldas - Empocaldas S.A E.S.P,2018,SEPTIEMBRE,PALESTINA,15667,15006
890.803.239-9,Empresa de Obras Sanitarias de Caldas - Empocaldas S.A E.S.P,2018,SEPTIEMBRE,RIOSUCIO,9638,56695
890.803.239-9,Empresa de Obras Sanitarias de Caldas - Empocaldas S.A E.S.P,2018,SEPTIEMBRE,RISARALDA,17790,12625
890.803.239-9,Empresa de Obras Sanitarias de Caldas - Empocaldas S.A E.S.P,2018,SEPTIEMBRE,SALAMINA,31634,30939
890.803.239-9,Empresa de Obras Sanitarias de Caldas - Empocaldas S.A E.S.P,2018,SEPTIEMBRE,SAMANA,18039,17878
890.803.239-9,Empresa de Obras Sanitarias de Caldas - Empocaldas S.A E.S.P,2018,SEPTIEMBRE,SAN JOSE,802,3459
890.803.239-9,Empresa de Obras Sanitarias de Caldas - Empocaldas S.A E.S.P,2018,SEPTIEMBRE,SUPIA,71011,54784
890.803.239-9,Empresa de Obras Sanitarias de Caldas - Empocaldas S.A E.S.P,2018,SEPTIEMBRE,VICTORIA,14512,12410
890.803.239-9,Empresa de Obras Sanitarias de Caldas - Empocaldas S.A E.S.P,2018,SEPTIEMBRE,VITERBO,53506,46084
890.803.239-9,Empresa de Obras Sanitarias de Caldas - Empocaldas S.A E.S.P,2018,OCTUBRE,AGUADAS,29915,34812
890.803.239-9,Empresa de Obras Sanitarias de Caldas - Empocaldas S.A E.S.P,2018,OCTUBRE,ANSERMA,0,53640
890.803.239-9,Empresa de Obras Sanitarias de Caldas - Empocaldas S.A E.S.P,2018,OCTUBRE,ARAUCA,0,14862
890.803.239-9,Empresa de Obras Sanitarias de Caldas - Empocaldas S.A E.S.P,2018,OCTUBRE,ARMA,0,3320
890.803.239-9,Empresa de Obras Sanitarias de Caldas - Empocaldas S.A E.S.P,2018,OCTUBRE,BELALCAZAR,1648,11428
890.803.239-9,Empresa de Obras Sanitarias de Caldas - Empocaldas S.A E.S.P,2018,OCTUBRE,CHINCHINA,271221,256340
890.803.239-9,Empresa de Obras Sanitarias de Caldas - Empocaldas S.A E.S.P,2018,OCTUBRE,FILADELFIA,9557,10871
890.803.239-9,Empresa de Obras Sanitarias de Caldas - Empocaldas S.A E.S.P,2018,OCTUBRE,GUARINOCITO,5370,0
890.803.239-9,Empresa de Obras Sanitarias de Caldas - Empocaldas S.A E.S.P,2018,OCTUBRE,KILOMETRO 41,6303,2774
890.803.239-9,Empresa de Obras Sanitarias de Caldas - Empocaldas S.A E.S.P,2018,OCTUBRE,LA DORADA,368824,298286
890.803.239-9,Empresa de Obras Sanitarias de Caldas - Empocaldas S.A E.S.P,2018,OCTUBRE,MANZANARES,17451,17621
890.803.239-9,Empresa de Obras Sanitarias de Caldas - Empocaldas S.A E.S.P,2018,OCTUBRE,MARMATO,3045,8784
890.803.239-9,Empresa de Obras Sanitarias de Caldas - Empocaldas S.A E.S.P,2018,OCTUBRE,MARQUETALIA,15431,15063
890.803.239-9,Empresa de Obras Sanitarias de Caldas - Empocaldas S.A E.S.P,2018,OCTUBRE,MARULANDA,0,1855
890.803.239-9,Empresa de Obras Sanitarias de Caldas - Empocaldas S.A E.S.P,2018,OCTUBRE,NEIRA,5797,38032
890.803.239-9,Empresa de Obras Sanitarias de Caldas - Empocaldas S.A E.S.P,2018,OCTUBRE,PALESTINA,13716,13325
890.803.239-9,Empresa de Obras Sanitarias de Caldas - Empocaldas S.A E.S.P,2018,OCTUBRE,RIOSUCIO,9556,53037
890.803.239-9,Empresa de Obras Sanitarias de Caldas - Empocaldas S.A E.S.P,2018,OCTUBRE,RISARALDA,15517,11086
890.803.239-9,Empresa de Obras Sanitarias de Caldas - Empocaldas S.A E.S.P,2018,OCTUBRE,SALAMINA,29397,28823
890.803.239-9,Empresa de Obras Sanitarias de Caldas - Empocaldas S.A E.S.P,2018,OCTUBRE,SAMANA,14692,14285
890.803.239-9,Empresa de Obras Sanitarias de Caldas - Empocaldas S.A E.S.P,2018,OCTUBRE,SAN JOSE,655,3258
890.803.239-9,Empresa de Obras Sanitarias de Caldas - Empocaldas S.A E.S.P,2018,OCTUBRE,SUPIA,64271,49567
890.803.239-9,Empresa de Obras Sanitarias de Caldas - Empocaldas S.A E.S.P,2018,OCTUBRE,VICTORIA,13298,11308
890.803.239-9,Empresa de Obras Sanitarias de Caldas - Empocaldas S.A E.S.P,2018,OCTUBRE,VITERBO,48113,41545
890.803.239-9,Empresa de Obras Sanitarias de Caldas - Empocaldas S.A E.S.P,2018,NOVIEMBRE,AGUADAS,28895,33511
890.803.239-9,Empresa de Obras Sanitarias de Caldas - Empocaldas S.A E.S.P,2018,NOVIEMBRE,ANSERMA,0,58051
890.803.239-9,Empresa de Obras Sanitarias de Caldas - Empocaldas S.A E.S.P,2018,NOVIEMBRE,ARAUCA,0,16237
890.803.239-9,Empresa de Obras Sanitarias de Caldas - Empocaldas S.A E.S.P,2018,NOVIEMBRE,ARMA,0,3234
890.803.239-9,Empresa de Obras Sanitarias de Caldas - Empocaldas S.A E.S.P,2018,NOVIEMBRE,BELALCAZAR,1815,11830
890.803.239-9,Empresa de Obras Sanitarias de Caldas - Empocaldas S.A E.S.P,2018,NOVIEMBRE,CHINCHINA,299482,284484
890.803.239-9,Empresa de Obras Sanitarias de Caldas - Empocaldas S.A E.S.P,2018,NOVIEMBRE,FILADELFIA,9739,11168
890.803.239-9,Empresa de Obras Sanitarias de Caldas - Empocaldas S.A E.S.P,2018,NOVIEMBRE,GUARINOCITO,4890,0
890.803.239-9,Empresa de Obras Sanitarias de Caldas - Empocaldas S.A E.S.P,2018,NOVIEMBRE,KILOMETRO 41,6960,3116
890.803.239-9,Empresa de Obras Sanitarias de Caldas - Empocaldas S.A E.S.P,2018,NOVIEMBRE,LA DORADA,390839,316986
890.803.239-9,Empresa de Obras Sanitarias de Caldas - Empocaldas S.A E.S.P,2018,NOVIEMBRE,MANZANARES,16701,17206
890.803.239-9,Empresa de Obras Sanitarias de Caldas - Empocaldas S.A E.S.P,2018,NOVIEMBRE,MARMATO,3178,8807
890.803.239-9,Empresa de Obras Sanitarias de Caldas - Empocaldas S.A E.S.P,2018,NOVIEMBRE,MARQUETALIA,19239,15788
890.803.239-9,Empresa de Obras Sanitarias de Caldas - Empocaldas S.A E.S.P,2018,NOVIEMBRE,MARULANDA,1696,1918
890.803.239-9,Empresa de Obras Sanitarias de Caldas - Empocaldas S.A E.S.P,2018,NOVIEMBRE,NEIRA,6049,37557
890.803.239-9,Empresa de Obras Sanitarias de Caldas - Empocaldas S.A E.S.P,2018,NOVIEMBRE,PALESTINA,14697,14359
890.803.239-9,Empresa de Obras Sanitarias de Caldas - Empocaldas S.A E.S.P,2018,NOVIEMBRE,RIOSUCIO,10321,57148
890.803.239-9,Empresa de Obras Sanitarias de Caldas - Empocaldas S.A E.S.P,2018,NOVIEMBRE,RISARALDA,17229,12171
890.803.239-9,Empresa de Obras Sanitarias de Caldas - Empocaldas S.A E.S.P,2018,NOVIEMBRE,SALAMINA,30181,29583
890.803.239-9,Empresa de Obras Sanitarias de Caldas - Empocaldas S.A E.S.P,2018,NOVIEMBRE,SAMANA,14305,14091
890.803.239-9,Empresa de Obras Sanitarias de Caldas - Empocaldas S.A E.S.P,2018,NOVIEMBRE,SAN JOSE,729,3755
890.803.239-9,Empresa de Obras Sanitarias de Caldas - Empocaldas S.A E.S.P,2018,NOVIEMBRE,SUPIA,62369,49373
890.803.239-9,Empresa de Obras Sanitarias de Caldas - Empocaldas S.A E.S.P,2018,NOVIEMBRE,VICTORIA,13604,11737
890.803.239-9,Empresa de Obras Sanitarias de Caldas - Empocaldas S.A E.S.P,2018,NOVIEMBRE,VITERBO,51916,45138
890.803.239-9,Empresa de Obras Sanitarias de Caldas - Empocaldas S.A E.S.P,2018,DICIEMBRE,AGUADAS,31443,36212
890.803.239-9,Empresa de Obras Sanitarias de Caldas - Empocaldas S.A E.S.P,2018,DICIEMBRE,ANSERMA,0,56986
890.803.239-9,Empresa de Obras Sanitarias de Caldas - Empocaldas S.A E.S.P,2018,DICIEMBRE,ARAUCA,0,16378
890.803.239-9,Empresa de Obras Sanitarias de Caldas - Empocaldas S.A E.S.P,2018,DICIEMBRE,ARMA,0,3320
890.803.239-9,Empresa de Obras Sanitarias de Caldas - Empocaldas S.A E.S.P,2018,DICIEMBRE,BELALCAZAR,1778,11671
890.803.239-9,Empresa de Obras Sanitarias de Caldas - Empocaldas S.A E.S.P,2018,DICIEMBRE,CHINCHINA,269201,254027
890.803.239-9,Empresa de Obras Sanitarias de Caldas - Empocaldas S.A E.S.P,2018,DICIEMBRE,FILADELFIA,9606,11199
890.803.239-9,Empresa de Obras Sanitarias de Caldas - Empocaldas S.A E.S.P,2018,DICIEMBRE,GUARINOCITO,4386,0
890.803.239-9,Empresa de Obras Sanitarias de Caldas - Empocaldas S.A E.S.P,2018,DICIEMBRE,KILOMETRO 41,6128,2896
890.803.239-9,Empresa de Obras Sanitarias de Caldas - Empocaldas S.A E.S.P,2018,DICIEMBRE,LA DORADA,373060,304244
890.803.239-9,Empresa de Obras Sanitarias de Caldas - Empocaldas S.A E.S.P,2018,DICIEMBRE,MANZANARES,17110,17005
890.803.239-9,Empresa de Obras Sanitarias de Caldas - Empocaldas S.A E.S.P,2018,DICIEMBRE,MARMATO,2831,8801
890.803.239-9,Empresa de Obras Sanitarias de Caldas - Empocaldas S.A E.S.P,2018,DICIEMBRE,MARQUETALIA,19750,16306
890.803.239-9,Empresa de Obras Sanitarias de Caldas - Empocaldas S.A E.S.P,2018,DICIEMBRE,MARULANDA,1753,1945
890.803.239-9,Empresa de Obras Sanitarias de Caldas - Empocaldas S.A E.S.P,2018,DICIEMBRE,NEIRA,5151,35157
890.803.239-9,Empresa de Obras Sanitarias de Caldas - Empocaldas S.A E.S.P,2018,DICIEMBRE,PALESTINA,15326,15324
890.803.239-9,Empresa de Obras Sanitarias de Caldas - Empocaldas S.A E.S.P,2018,DICIEMBRE,RIOSUCIO,10792,58031
890.803.239-9,Empresa de Obras Sanitarias de Caldas - Empocaldas S.A E.S.P,2018,DICIEMBRE,RISARALDA,16649,11700
890.803.239-9,Empresa de Obras Sanitarias de Caldas - Empocaldas S.A E.S.P,2018,DICIEMBRE,SALAMINA,32278,31577
890.803.239-9,Empresa de Obras Sanitarias de Caldas - Empocaldas S.A E.S.P,2018,DICIEMBRE,SAMANA,15894,15546
890.803.239-9,Empresa de Obras Sanitarias de Caldas - Empocaldas S.A E.S.P,2018,DICIEMBRE,SAN JOSE,683,3401
890.803.239-9,Empresa de Obras Sanitarias de Caldas - Empocaldas S.A E.S.P,2018,DICIEMBRE,SUPIA,70322,55181
890.803.239-9,Empresa de Obras Sanitarias de Caldas - Empocaldas S.A E.S.P,2018,DICIEMBRE,VICTORIA,12549,10663
890.803.239-9,Empresa de Obras Sanitarias de Caldas - Empocaldas S.A E.S.P,2018,DICIEMBRE,VITERBO,46960,40924
890.803.239-9,Empresa de Obras Sanitarias de Caldas - Empocaldas S.A E.S.P,2019,ENERO,AGUADAS,46223,43867
890.803.239-9,Empresa de Obras Sanitarias de Caldas - Empocaldas S.A E.S.P,2019,ENERO,ANSERMA,67031,64625
890.803.239-9,Empresa de Obras Sanitarias de Caldas - Empocaldas S.A E.S.P,2019,ENERO,ARAUCA,19201,16963
890.803.239-9,Empresa de Obras Sanitarias de Caldas - Empocaldas S.A E.S.P,2019,ENERO,ARMA,5903,4162
890.803.239-9,Empresa de Obras Sanitarias de Caldas - Empocaldas S.A E.S.P,2019,ENERO,BELALCAZAR,19375,13549
890.803.239-9,Empresa de Obras Sanitarias de Caldas - Empocaldas S.A E.S.P,2019,ENERO,CHINCHINA,300164,282436
890.803.239-9,Empresa de Obras Sanitarias de Caldas - Empocaldas S.A E.S.P,2019,ENERO,FILADELFIA,14642,13768
890.803.239-9,Empresa de Obras Sanitarias de Caldas - Empocaldas S.A E.S.P,2019,ENERO,GUARINOCITO,19776,0
890.803.239-9,Empresa de Obras Sanitarias de Caldas - Empocaldas S.A E.S.P,2019,ENERO,KILOMETRO 41,7670,3237
890.803.239-9,Empresa de Obras Sanitarias de Caldas - Empocaldas S.A E.S.P,2019,ENERO,LA DORADA,411240,335396
890.803.239-9,Empresa de Obras Sanitarias de Caldas - Empocaldas S.A E.S.P,2019,ENERO,MANZANARES,22705,18420
890.803.239-9,Empresa de Obras Sanitarias de Caldas - Empocaldas S.A E.S.P,2019,ENERO,MARMATO,18578,9119
890.803.239-9,Empresa de Obras Sanitarias de Caldas - Empocaldas S.A E.S.P,2019,ENERO,MARQUETALIA,23308,19489
890.803.239-9,Empresa de Obras Sanitarias de Caldas - Empocaldas S.A E.S.P,2019,ENERO,MARULANDA,2172,2122
890.803.239-9,Empresa de Obras Sanitarias de Caldas - Empocaldas S.A E.S.P,2019,ENERO,NEIRA,37725,35675
890.803.239-9,Empresa de Obras Sanitarias de Caldas - Empocaldas S.A E.S.P,2019,ENERO,PALESTINA,19243,15438
890.803.239-9,Empresa de Obras Sanitarias de Caldas - Empocaldas S.A E.S.P,2019,ENERO,RIOSUCIO,69449,65018
890.803.239-9,Empresa de Obras Sanitarias de Caldas - Empocaldas S.A E.S.P,2019,ENERO,RISARALDA,17804,12282
890.803.239-9,Empresa de Obras Sanitarias de Caldas - Empocaldas S.A E.S.P,2019,ENERO,SALAMINA,36922,35934
890.803.239-9,Empresa de Obras Sanitarias de Caldas - Empocaldas S.A E.S.P,2019,ENERO,SAMANA,18666,15419
890.803.239-9,Empresa de Obras Sanitarias de Caldas - Empocaldas S.A E.S.P,2019,ENERO,SAN JOSE,6313,3579
890.803.239-9,Empresa de Obras Sanitarias de Caldas - Empocaldas S.A E.S.P,2019,ENERO,SUPIA,75963,57132
890.803.239-9,Empresa de Obras Sanitarias de Caldas - Empocaldas S.A E.S.P,2019,ENERO,VICTORIA,16956,14522
890.803.239-9,Empresa de Obras Sanitarias de Caldas - Empocaldas S.A E.S.P,2019,ENERO,VITERBO,60504,50497
890.803.239-9,Empresa de Obras Sanitarias de Caldas - Empocaldas S.A E.S.P,2019,FEBRERO,AGUADAS,45005,38724
890.803.239-9,Empresa de Obras Sanitarias de Caldas - Empocaldas S.A E.S.P,2019,FEBRERO,ANSERMA,70956,66064
890.803.239-9,Empresa de Obras Sanitarias de Caldas - Empocaldas S.A E.S.P,2019,FEBRERO,ARAUCA,19597,17204
890.803.239-9,Empresa de Obras Sanitarias de Caldas - Empocaldas S.A E.S.P,2019,FEBRERO,ARMA,4775,3281
890.803.239-9,Empresa de Obras Sanitarias de Caldas - Empocaldas S.A E.S.P,2019,FEBRERO,BELALCAZAR,18084,12021
890.803.239-9,Empresa de Obras Sanitarias de Caldas - Empocaldas S.A E.S.P,2019,FEBRERO,CHINCHINA,302070,280441
890.803.239-9,Empresa de Obras Sanitarias de Caldas - Empocaldas S.A E.S.P,2019,FEBRERO,FILADELFIA,12282,9813
890.803.239-9,Empresa de Obras Sanitarias de Caldas - Empocaldas S.A E.S.P,2019,FEBRERO,GUARINOCITO,18130,0
890.803.239-9,Empresa de Obras Sanitarias de Caldas - Empocaldas S.A E.S.P,2019,FEBRERO,KILOMETRO 41,7335,2941
890.803.239-9,Empresa de Obras Sanitarias de Caldas - Empocaldas S.A E.S.P,2019,FEBRERO,LA DORADA,409674,317307
890.803.239-9,Empresa de Obras Sanitarias de Caldas - Empocaldas S.A E.S.P,2019,FEBRERO,MANZANARES,23769,18603
890.803.239-9,Empresa de Obras Sanitarias de Caldas - Empocaldas S.A E.S.P,2019,FEBRERO,MARMATO,20246,8895
890.803.239-9,Empresa de Obras Sanitarias de Caldas - Empocaldas S.A E.S.P,2019,FEBRERO,MARQUETALIA,19623,16005
890.803.239-9,Empresa de Obras Sanitarias de Caldas - Empocaldas S.A E.S.P,2019,FEBRERO,MARULANDA,1896,1717
890.803.239-9,Empresa de Obras Sanitarias de Caldas - Empocaldas S.A E.S.P,2019,FEBRERO,NEIRA,44039,39956
890.803.239-9,Empresa de Obras Sanitarias de Caldas - Empocaldas S.A E.S.P,2019,FEBRERO,PALESTINA,20075,15443
890.803.239-9,Empresa de Obras Sanitarias de Caldas - Empocaldas S.A E.S.P,2019,FEBRERO,RIOSUCIO,71268,62201
890.803.239-9,Empresa de Obras Sanitarias de Caldas - Empocaldas S.A E.S.P,2019,FEBRERO,RISARALDA,16609,11270
890.803.239-9,Empresa de Obras Sanitarias de Caldas - Empocaldas S.A E.S.P,2019,FEBRERO,SALAMINA,31836,28201
890.803.239-9,Empresa de Obras Sanitarias de Caldas - Empocaldas S.A E.S.P,2019,FEBRERO,SAMANA,18777,14679
890.803.239-9,Empresa de Obras Sanitarias de Caldas - Empocaldas S.A E.S.P,2019,FEBRERO,SAN JOSE,6830,3485
890.803.239-9,Empresa de Obras Sanitarias de Caldas - Empocaldas S.A E.S.P,2019,FEBRERO,SUPIA,61839,46839
890.803.239-9,Empresa de Obras Sanitarias de Caldas - Empocaldas S.A E.S.P,2019,FEBRERO,VICTORIA,13986,11408
890.803.239-9,Empresa de Obras Sanitarias de Caldas - Empocaldas S.A E.S.P,2019,FEBRERO,VITERBO,54743,45289
890.803.239-9,Empresa de Obras Sanitarias de Caldas - Empocaldas S.A E.S.P,2019,MARZO,AGUADAS,39254,37365
890.803.239-9,Empresa de Obras Sanitarias de Caldas - Empocaldas S.A E.S.P,2019,MARZO,ANSERMA,62428,60545
890.803.239-9,Empresa de Obras Sanitarias de Caldas - Empocaldas S.A E.S.P,2019,MARZO,ARAUCA,17869,15895
890.803.239-9,Empresa de Obras Sanitarias de Caldas - Empocaldas S.A E.S.P,2019,MARZO,ARMA,5342,3701
890.803.239-9,Empresa de Obras Sanitarias de Caldas - Empocaldas S.A E.S.P,2019,MARZO,BELALCAZAR,16413,11259
890.803.239-9,Empresa de Obras Sanitarias de Caldas - Empocaldas S.A E.S.P,2019,MARZO,CHINCHINA,276133,262786
890.803.239-9,Empresa de Obras Sanitarias de Caldas - Empocaldas S.A E.S.P,2019,MARZO,FILADELFIA,10461,9910
890.803.239-9,Empresa de Obras Sanitarias de Caldas - Empocaldas S.A E.S.P,2019,MARZO,GUARINOCITO,15826,0
890.803.239-9,Empresa de Obras Sanitarias de Caldas - Empocaldas S.A E.S.P,2019,MARZO,KILOMETRO 41,6571,2907
890.803.239-9,Empresa de Obras Sanitarias de Caldas - Empocaldas S.A E.S.P,2019,MARZO,LA DORADA,342099,280770
890.803.239-9,Empresa de Obras Sanitarias de Caldas - Empocaldas S.A E.S.P,2019,MARZO,MANZANARES,19816,15828
890.803.239-9,Empresa de Obras Sanitarias de Caldas - Empocaldas S.A E.S.P,2019,MARZO,MARMATO,18563,12761
890.803.239-9,Empresa de Obras Sanitarias de Caldas - Empocaldas S.A E.S.P,2019,MARZO,MARQUETALIA,17636,14863
890.803.239-9,Empresa de Obras Sanitarias de Caldas - Empocaldas S.A E.S.P,2019,MARZO,MARULANDA,1984,1921
890.803.239-9,Empresa de Obras Sanitarias de Caldas - Empocaldas S.A E.S.P,2019,MARZO,NEIRA,41741,39071
890.803.239-9,Empresa de Obras Sanitarias de Caldas - Empocaldas S.A E.S.P,2019,MARZO,PALESTINA,16040,13229
890.803.239-9,Empresa de Obras Sanitarias de Caldas - Empocaldas S.A E.S.P,2019,MARZO,RIOSUCIO,56535,52932
890.803.239-9,Empresa de Obras Sanitarias de Caldas - Empocaldas S.A E.S.P,2019,MARZO,RISARALDA,17593,12355
890.803.239-9,Empresa de Obras Sanitarias de Caldas - Empocaldas S.A E.S.P,2019,MARZO,SALAMINA,28749,28119
890.803.239-9,Empresa de Obras Sanitarias de Caldas - Empocaldas S.A E.S.P,2019,MARZO,SAMANA,15279,12687
890.803.239-9,Empresa de Obras Sanitarias de Caldas - Empocaldas S.A E.S.P,2019,MARZO,SAN JOSE,5776,3293
890.803.239-9,Empresa de Obras Sanitarias de Caldas - Empocaldas S.A E.S.P,2019,MARZO,SUPIA,65838,54026
890.803.239-9,Empresa de Obras Sanitarias de Caldas - Empocaldas S.A E.S.P,2019,MARZO,VICTORIA,12417,10747
890.803.239-9,Empresa de Obras Sanitarias de Caldas - Empocaldas S.A E.S.P,2019,MARZO,VITERBO,53469,33936
890.803.239-9,Empresa de Obras Sanitarias de Caldas - Empocaldas S.A E.S.P,2019,ABRIL,AGUADAS,33045,31410
890.803.239-9,Empresa de Obras Sanitarias de Caldas - Empocaldas S.A E.S.P,2019,ABRIL,ANSERMA,59605,57694
890.803.239-9,Empresa de Obras Sanitarias de Caldas - Empocaldas S.A E.S.P,2019,ABRIL,ARAUCA,18489,16456
890.803.239-9,Empresa de Obras Sanitarias de Caldas - Empocaldas S.A E.S.P,2019,ABRIL,ARMA,4381,3175
890.803.239-9,Empresa de Obras Sanitarias de Caldas - Empocaldas S.A E.S.P,2019,ABRIL,BELALCAZAR,15509,10924
890.803.239-9,Empresa de Obras Sanitarias de Caldas - Empocaldas S.A E.S.P,2019,ABRIL,CHINCHINA,277037,263696
890.803.239-9,Empresa de Obras Sanitarias de Caldas - Empocaldas S.A E.S.P,2019,ABRIL,FILADELFIA,11125,10368
890.803.239-9,Empresa de Obras Sanitarias de Caldas - Empocaldas S.A E.S.P,2019,ABRIL,GUARINOCITO,17910,0
890.803.239-9,Empresa de Obras Sanitarias de Caldas - Empocaldas S.A E.S.P,2019,ABRIL,KILOMETRO 41,6506,2802
890.803.239-9,Empresa de Obras Sanitarias de Caldas - Empocaldas S.A E.S.P,2019,ABRIL,LA DORADA,372785,302554
890.803.239-9,Empresa de Obras Sanitarias de Caldas - Empocaldas S.A E.S.P,2019,ABRIL,MANZANARES,22282,18082
890.803.239-9,Empresa de Obras Sanitarias de Caldas - Empocaldas S.A E.S.P,2019,ABRIL,MARMATO,18710,13954
890.803.239-9,Empresa de Obras Sanitarias de Caldas - Empocaldas S.A E.S.P,2019,ABRIL,MARQUETALIA,21791,18612
890.803.239-9,Empresa de Obras Sanitarias de Caldas - Empocaldas S.A E.S.P,2019,ABRIL,MARULANDA,1957,1896
890.803.239-9,Empresa de Obras Sanitarias de Caldas - Empocaldas S.A E.S.P,2019,ABRIL,NEIRA,38128,38887
890.803.239-9,Empresa de Obras Sanitarias de Caldas - Empocaldas S.A E.S.P,2019,ABRIL,PALESTINA,17229,14476
890.803.239-9,Empresa de Obras Sanitarias de Caldas - Empocaldas S.A E.S.P,2019,ABRIL,RIOSUCIO,64275,60375
890.803.239-9,Empresa de Obras Sanitarias de Caldas - Empocaldas S.A E.S.P,2019,ABRIL,RISARALDA,17374,11900
890.803.239-9,Empresa de Obras Sanitarias de Caldas - Empocaldas S.A E.S.P,2019,ABRIL,SALAMINA,29265,28446
890.803.239-9,Empresa de Obras Sanitarias de Caldas - Empocaldas S.A E.S.P,2019,ABRIL,SAMANA,18802,15746
890.803.239-9,Empresa de Obras Sanitarias de Caldas - Empocaldas S.A E.S.P,2019,ABRIL,SAN JOSE,5726,3379
890.803.239-9,Empresa de Obras Sanitarias de Caldas - Empocaldas S.A E.S.P,2019,ABRIL,SUPIA,63372,50141
890.803.239-9,Empresa de Obras Sanitarias de Caldas - Empocaldas S.A E.S.P,2019,ABRIL,VICTORIA,13742,11940
890.803.239-9,Empresa de Obras Sanitarias de Caldas - Empocaldas S.A E.S.P,2019,ABRIL,VITERBO,51883,44857
890.803.239-9,Empresa de Obras Sanitarias de Caldas - Empocaldas S.A E.S.P,2019,MAYO,AGUADAS,41359,39097
890.803.239-9,Empresa de Obras Sanitarias de Caldas - Empocaldas S.A E.S.P,2019,MAYO,ANSERMA,59455,57619
890.803.239-9,Empresa de Obras Sanitarias de Caldas - Empocaldas S.A E.S.P,2019,MAYO,ARAUCA,18674,16767
890.803.239-9,Empresa de Obras Sanitarias de Caldas - Empocaldas S.A E.S.P,2019,MAYO,ARMA,4712,3432
890.803.239-9,Empresa de Obras Sanitarias de Caldas - Empocaldas S.A E.S.P,2019,MAYO,BELALCAZAR,17125,12182
890.803.239-9,Empresa de Obras Sanitarias de Caldas - Empocaldas S.A E.S.P,2019,MAYO,CHINCHINA,297490,283569
890.803.239-9,Empresa de Obras Sanitarias de Caldas - Empocaldas S.A E.S.P,2019,MAYO,FILADELFIA,13038,12288
890.803.239-9,Empresa de Obras Sanitarias de Caldas - Empocaldas S.A E.S.P,2019,MAYO,GUARINOCITO,17889,0
890.803.239-9,Empresa de Obras Sanitarias de Caldas - Empocaldas S.A E.S.P,2019,MAYO,KILOMETRO 41,6433,2728
890.803.239-9,Empresa de Obras Sanitarias de Caldas - Empocaldas S.A E.S.P,2019,MAYO,LA DORADA,369011,303884
890.803.239-9,Empresa de Obras Sanitarias de Caldas - Empocaldas S.A E.S.P,2019,MAYO,MANZANARES,20161,16601
890.803.239-9,Empresa de Obras Sanitarias de Caldas - Empocaldas S.A E.S.P,2019,MAYO,MARMATO,16897,8358
890.803.239-9,Empresa de Obras Sanitarias de Caldas - Empocaldas S.A E.S.P,2019,MAYO,MARQUETALIA,17179,14542
890.803.239-9,Empresa de Obras Sanitarias de Caldas - Empocaldas S.A E.S.P,2019,MAYO,MARULANDA,1812,1747
890.803.239-9,Empresa de Obras Sanitarias de Caldas - Empocaldas S.A E.S.P,2019,MAYO,NEIRA,41195,38744
890.803.239-9,Empresa de Obras Sanitarias de Caldas - Empocaldas S.A E.S.P,2019,MAYO,PALESTINA,18386,15337
890.803.239-9,Empresa de Obras Sanitarias de Caldas - Empocaldas S.A E.S.P,2019,MAYO,RIOSUCIO,61073,56697
890.803.239-9,Empresa de Obras Sanitarias de Caldas - Empocaldas S.A E.S.P,2019,MAYO,RISARALDA,15031,10908
890.803.239-9,Empresa de Obras Sanitarias de Caldas - Empocaldas S.A E.S.P,2019,MAYO,SALAMINA,30047,29355
890.803.239-9,Empresa de Obras Sanitarias de Caldas - Empocaldas S.A E.S.P,2019,MAYO,SAMANA,16802,14077
890.803.239-9,Empresa de Obras Sanitarias de Caldas - Empocaldas S.A E.S.P,2019,MAYO,SAN JOSE,5797,3600
890.803.239-9,Empresa de Obras Sanitarias de Caldas - Empocaldas S.A E.S.P,2019,MAYO,SUPIA,62628,49325
890.803.239-9,Empresa de Obras Sanitarias de Caldas - Empocaldas S.A E.S.P,2019,MAYO,VICTORIA,11882,10254
890.803.239-9,Empresa de Obras Sanitarias de Caldas - Empocaldas S.A E.S.P,2019,MAYO,VITERBO,53395,46128
890.803.239-9,Empresa de Obras Sanitarias de Caldas - Empocaldas S.A E.S.P,2019,JUNIO,AGUADAS,39859,37941
890.803.239-9,Empresa de Obras Sanitarias de Caldas - Empocaldas S.A E.S.P,2019,JUNIO,ANSERMA,60977,59261
890.803.239-9,Empresa de Obras Sanitarias de Caldas - Empocaldas S.A E.S.P,2019,JUNIO,ARAUCA,18483,16250
890.803.239-9,Empresa de Obras Sanitarias de Caldas - Empocaldas S.A E.S.P,2019,JUNIO,ARMA,4563,3574
890.803.239-9,Empresa de Obras Sanitarias de Caldas - Empocaldas S.A E.S.P,2019,JUNIO,BELALCAZAR,16606,11935
890.803.239-9,Empresa de Obras Sanitarias de Caldas - Empocaldas S.A E.S.P,2019,JUNIO,CHINCHINA,303930,286501
890.803.239-9,Empresa de Obras Sanitarias de Caldas - Empocaldas S.A E.S.P,2019,JUNIO,FILADELFIA,12027,11293
890.803.239-9,Empresa de Obras Sanitarias de Caldas - Empocaldas S.A E.S.P,2019,JUNIO,GUARINOCITO,18060,0
890.803.239-9,Empresa de Obras Sanitarias de Caldas - Empocaldas S.A E.S.P,2019,JUNIO,KILOMETRO 41,6482,3007
890.803.239-9,Empresa de Obras Sanitarias de Caldas - Empocaldas S.A E.S.P,2019,JUNIO,LA DORADA,364064,298075
890.803.239-9,Empresa de Obras Sanitarias de Caldas - Empocaldas S.A E.S.P,2019,JUNIO,MANZANARES,21922,17954
890.803.239-9,Empresa de Obras Sanitarias de Caldas - Empocaldas S.A E.S.P,2019,JUNIO,MARMATO,18425,9214
890.803.239-9,Empresa de Obras Sanitarias de Caldas - Empocaldas S.A E.S.P,2019,JUNIO,MARQUETALIA,18786,15928
890.803.239-9,Empresa de Obras Sanitarias de Caldas - Empocaldas S.A E.S.P,2019,JUNIO,MARULANDA,2017,1966
890.803.239-9,Empresa de Obras Sanitarias de Caldas - Empocaldas S.A E.S.P,2019,JUNIO,NEIRA,39587,37437
890.803.239-9,Empresa de Obras Sanitarias de Caldas - Empocaldas S.A E.S.P,2019,JUNIO,PALESTINA,18032,15249
890.803.239-9,Empresa de Obras Sanitarias de Caldas - Empocaldas S.A E.S.P,2019,JUNIO,RIOSUCIO,61007,56730
890.803.239-9,Empresa de Obras Sanitarias de Caldas - Empocaldas S.A E.S.P,2019,JUNIO,RISARALDA,15422,11491
890.803.239-9,Empresa de Obras Sanitarias de Caldas - Empocaldas S.A E.S.P,2019,JUNIO,SALAMINA,31557,31005
890.803.239-9,Empresa de Obras Sanitarias de Caldas - Empocaldas S.A E.S.P,2019,JUNIO,SAMANA,15590,12887
890.803.239-9,Empresa de Obras Sanitarias de Caldas - Empocaldas S.A E.S.P,2019,JUNIO,SAN JOSE,5333,3430
890.803.239-9,Empresa de Obras Sanitarias de Caldas - Empocaldas S.A E.S.P,2019,JUNIO,SUPIA,66140,54295
890.803.239-9,Empresa de Obras Sanitarias de Caldas - Empocaldas S.A E.S.P,2019,JUNIO,VICTORIA,13101,11201
890.803.239-9,Empresa de Obras Sanitarias de Caldas - Empocaldas S.A E.S.P,2019,JUNIO,VITERBO,54808,47931
890.803.239-9,Empresa de Obras Sanitarias de Caldas - Empocaldas S.A E.S.P,2019,JULIO,AGUADAS,39166,37284
890.803.239-9,Empresa de Obras Sanitarias de Caldas - Empocaldas S.A E.S.P,2019,JULIO,ANSERMA,62666,60889
890.803.239-9,Empresa de Obras Sanitarias de Caldas - Empocaldas S.A E.S.P,2019,JULIO,ARAUCA,17956,15881
890.803.239-9,Empresa de Obras Sanitarias de Caldas - Empocaldas S.A E.S.P,2019,JULIO,ARMA,4452,3587
890.803.239-9,Empresa de Obras Sanitarias de Caldas - Empocaldas S.A E.S.P,2019,JULIO,BELALCAZAR,16493,11705
890.803.239-9,Empresa de Obras Sanitarias de Caldas - Empocaldas S.A E.S.P,2019,JULIO,CHINCHINA,293829,278524
890.803.239-9,Empresa de Obras Sanitarias de Caldas - Empocaldas S.A E.S.P,2019,JULIO,FILADELFIA,11738,11162
890.803.239-9,Empresa de Obras Sanitarias de Caldas - Empocaldas S.A E.S.P,2019,JULIO,GUARINOCITO,17728,0
890.803.239-9,Empresa de Obras Sanitarias de Caldas - Empocaldas S.A E.S.P,2019,JULIO,KILOMETRO 41,6635,2973
890.803.239-9,Empresa de Obras Sanitarias de Caldas - Empocaldas S.A E.S.P,2019,JULIO,LA DORADA,397351,315688
890.803.239-9,Empresa de Obras Sanitarias de Caldas - Empocaldas S.A E.S.P,2019,JULIO,MANZANARES,21926,17989
890.803.239-9,Empresa de Obras Sanitarias de Caldas - Empocaldas S.A E.S.P,2019,JULIO,MARMATO,18339,9001
890.803.239-9,Empresa de Obras Sanitarias de Caldas - Empocaldas S.A E.S.P,2019,JULIO,MARQUETALIA,19196,16331
890.803.239-9,Empresa de Obras Sanitarias de Caldas - Empocaldas S.A E.S.P,2019,JULIO,MARULANDA,1896,1852
890.803.239-9,Empresa de Obras Sanitarias de Caldas - Empocaldas S.A E.S.P,2019,JULIO,NEIRA,39746,37497
890.803.239-9,Empresa de Obras Sanitarias de Caldas - Empocaldas S.A E.S.P,2019,JULIO,PALESTINA,17661,14717
890.803.239-9,Empresa de Obras Sanitarias de Caldas - Empocaldas S.A E.S.P,2019,JULIO,RIOSUCIO,60062,55364
890.803.239-9,Empresa de Obras Sanitarias de Caldas - Empocaldas S.A E.S.P,2019,JULIO,RISARALDA,16898,11535
890.803.239-9,Empresa de Obras Sanitarias de Caldas - Empocaldas S.A E.S.P,2019,JULIO,SALAMINA,27633,27162
890.803.239-9,Empresa de Obras Sanitarias de Caldas - Empocaldas S.A E.S.P,2019,JULIO,SAMANA,18653,15539
890.803.239-9,Empresa de Obras Sanitarias de Caldas - Empocaldas S.A E.S.P,2019,JULIO,SAN JOSE,5308,3430
890.803.239-9,Empresa de Obras Sanitarias de Caldas - Empocaldas S.A E.S.P,2019,JULIO,SUPIA,66445,53718
890.803.239-9,Empresa de Obras Sanitarias de Caldas - Empocaldas S.A E.S.P,2019,JULIO,VICTORIA,14867,12776
890.803.239-9,Empresa de Obras Sanitarias de Caldas - Empocaldas S.A E.S.P,2019,JULIO,VITERBO,50559,42686
890.803.239-9,Empresa de Obras Sanitarias de Caldas - Empocaldas S.A E.S.P,2019,AGOSTO,AGUADAS,41699,39633
890.803.239-9,Empresa de Obras Sanitarias de Caldas - Empocaldas S.A E.S.P,2019,AGOSTO,ANSERMA,65191,63272
890.803.239-9,Empresa de Obras Sanitarias de Caldas - Empocaldas S.A E.S.P,2019,AGOSTO,ARAUCA,17810,15829
890.803.239-9,Empresa de Obras Sanitarias de Caldas - Empocaldas S.A E.S.P,2019,AGOSTO,ARMA,4568,3515
890.803.239-9,Empresa de Obras Sanitarias de Caldas - Empocaldas S.A E.S.P,2019,AGOSTO,BELALCAZAR,17507,12092
890.803.239-9,Empresa de Obras Sanitarias de Caldas - Empocaldas S.A E.S.P,2019,AGOSTO,CHINCHINA,296353,280292
890.803.239-9,Empresa de Obras Sanitarias de Caldas - Empocaldas S.A E.S.P,2019,AGOSTO,FILADELFIA,12512,11741
890.803.239-9,Empresa de Obras Sanitarias de Caldas - Empocaldas S.A E.S.P,2019,AGOSTO,GUARINOCITO,19544,0
890.803.239-9,Empresa de Obras Sanitarias de Caldas - Empocaldas S.A E.S.P,2019,AGOSTO,KILOMETRO 41,6845,2958
890.803.239-9,Empresa de Obras Sanitarias de Caldas - Empocaldas S.A E.S.P,2019,AGOSTO,LA DORADA,400897,311045
890.803.239-9,Empresa de Obras Sanitarias de Caldas - Empocaldas S.A E.S.P,2019,AGOSTO,MANZANARES,21053,17178
890.803.239-9,Empresa de Obras Sanitarias de Caldas - Empocaldas S.A E.S.P,2019,AGOSTO,MARMATO,20045,10006
890.803.239-9,Empresa de Obras Sanitarias de Caldas - Empocaldas S.A E.S.P,2019,AGOSTO,MARQUETALIA,19961,16996
890.803.239-9,Empresa de Obras Sanitarias de Caldas - Empocaldas S.A E.S.P,2019,AGOSTO,MARULANDA,1953,1902
890.803.239-9,Empresa de Obras Sanitarias de Caldas - Empocaldas S.A E.S.P,2019,AGOSTO,NEIRA,39013,36705
890.803.239-9,Empresa de Obras Sanitarias de Caldas - Empocaldas S.A E.S.P,2019,AGOSTO,PALESTINA,17919,14610
890.803.239-9,Empresa de Obras Sanitarias de Caldas - Empocaldas S.A E.S.P,2019,AGOSTO,RIOSUCIO,61155,56674
890.803.239-9,Empresa de Obras Sanitarias de Caldas - Empocaldas S.A E.S.P,2019,AGOSTO,RISARALDA,18891,12983
890.803.239-9,Empresa de Obras Sanitarias de Caldas - Empocaldas S.A E.S.P,2019,AGOSTO,SALAMINA,30505,29743
890.803.239-9,Empresa de Obras Sanitarias de Caldas - Empocaldas S.A E.S.P,2019,AGOSTO,SAMANA,15351,12799
890.803.239-9,Empresa de Obras Sanitarias de Caldas - Empocaldas S.A E.S.P,2019,AGOSTO,SAN JOSE,5867,3616
890.803.239-9,Empresa de Obras Sanitarias de Caldas - Empocaldas S.A E.S.P,2019,AGOSTO,SUPIA,62628,50051
890.803.239-9,Empresa de Obras Sanitarias de Caldas - Empocaldas S.A E.S.P,2019,AGOSTO,VICTORIA,14485,12311
890.803.239-9,Empresa de Obras Sanitarias de Caldas - Empocaldas S.A E.S.P,2019,AGOSTO,VITERBO,51321,43612
890.803.239-9,Empresa de Obras Sanitarias de Caldas - Empocaldas S.A E.S.P,2019,SEPTIEMBRE,AGUADAS,42940,32131
890.803.239-9,Empresa de Obras Sanitarias de Caldas - Empocaldas S.A E.S.P,2019,SEPTIEMBRE,ANSERMA,66053,64010
890.803.239-9,Empresa de Obras Sanitarias de Caldas - Empocaldas S.A E.S.P,2019,SEPTIEMBRE,ARAUCA,19955,17612
890.803.239-9,Empresa de Obras Sanitarias de Caldas - Empocaldas S.A E.S.P,2019,SEPTIEMBRE,ARMA,5295,3756
890.803.239-9,Empresa de Obras Sanitarias de Caldas - Empocaldas S.A E.S.P,2019,SEPTIEMBRE,BELALCAZAR,19829,13773
890.803.239-9,Empresa de Obras Sanitarias de Caldas - Empocaldas S.A E.S.P,2019,SEPTIEMBRE,CHINCHINA,296244,282484
890.803.239-9,Empresa de Obras Sanitarias de Caldas - Empocaldas S.A E.S.P,2019,SEPTIEMBRE,FILADELFIA,12571,11673
890.803.239-9,Empresa de Obras Sanitarias de Caldas - Empocaldas S.A E.S.P,2019,SEPTIEMBRE,GUARINOCITO,20005,0
890.803.239-9,Empresa de Obras Sanitarias de Caldas - Empocaldas S.A E.S.P,2019,SEPTIEMBRE,KILOMETRO 41,7869,3346
890.803.239-9,Empresa de Obras Sanitarias de Caldas - Empocaldas S.A E.S.P,2019,SEPTIEMBRE,LA DORADA,400376,319011
890.803.239-9,Empresa de Obras Sanitarias de Caldas - Empocaldas S.A E.S.P,2019,SEPTIEMBRE,MANZANARES,20893,17043
890.803.239-9,Empresa de Obras Sanitarias de Caldas - Empocaldas S.A E.S.P,2019,SEPTIEMBRE,MARMATO,20648,9946
890.803.239-9,Empresa de Obras Sanitarias de Caldas - Empocaldas S.A E.S.P,2019,SEPTIEMBRE,MARQUETALIA,19629,16225
890.803.239-9,Empresa de Obras Sanitarias de Caldas - Empocaldas S.A E.S.P,2019,SEPTIEMBRE,MARULANDA,2339,2256
890.803.239-9,Empresa de Obras Sanitarias de Caldas - Empocaldas S.A E.S.P,2019,SEPTIEMBRE,NEIRA,39541,37063
890.803.239-9,Empresa de Obras Sanitarias de Caldas - Empocaldas S.A E.S.P,2019,SEPTIEMBRE,PALESTINA,18830,15217
890.803.239-9,Empresa de Obras Sanitarias de Caldas - Empocaldas S.A E.S.P,2019,SEPTIEMBRE,RIOSUCIO,61736,57265
890.803.239-9,Empresa de Obras Sanitarias de Caldas - Empocaldas S.A E.S.P,2019,SEPTIEMBRE,RISARALDA,19152,13043
890.803.239-9,Empresa de Obras Sanitarias de Caldas - Empocaldas S.A E.S.P,2019,SEPTIEMBRE,SALAMINA,33254,32384
890.803.239-9,Empresa de Obras Sanitarias de Caldas - Empocaldas S.A E.S.P,2019,SEPTIEMBRE,SAMANA,18935,15813
890.803.239-9,Empresa de Obras Sanitarias de Caldas - Empocaldas S.A E.S.P,2019,SEPTIEMBRE,SAN JOSE,6760,3750
890.803.239-9,Empresa de Obras Sanitarias de Caldas - Empocaldas S.A E.S.P,2019,SEPTIEMBRE,SUPIA,67776,54744
890.803.239-9,Empresa de Obras Sanitarias de Caldas - Empocaldas S.A E.S.P,2019,SEPTIEMBRE,VICTORIA,12850,11137
890.803.239-9,Empresa de Obras Sanitarias de Caldas - Empocaldas S.A E.S.P,2019,SEPTIEMBRE,VITERBO,58996,49197
890.803.239-9,Empresa de Obras Sanitarias de Caldas - Empocaldas S.A E.S.P,2019,OCTUBRE,AGUADAS,38779,36724
890.803.239-9,Empresa de Obras Sanitarias de Caldas - Empocaldas S.A E.S.P,2019,OCTUBRE,ANSERMA,58186,56723
890.803.239-9,Empresa de Obras Sanitarias de Caldas - Empocaldas S.A E.S.P,2019,OCTUBRE,ARAUCA,18530,16318
890.803.239-9,Empresa de Obras Sanitarias de Caldas - Empocaldas S.A E.S.P,2019,OCTUBRE,ARMA,5090,3670
890.803.239-9,Empresa de Obras Sanitarias de Caldas - Empocaldas S.A E.S.P,2019,OCTUBRE,BELALCAZAR,16613,11572
890.803.239-9,Empresa de Obras Sanitarias de Caldas - Empocaldas S.A E.S.P,2019,OCTUBRE,CHINCHINA,311069,297547
890.803.239-9,Empresa de Obras Sanitarias de Caldas - Empocaldas S.A E.S.P,2019,OCTUBRE,FILADELFIA,11725,10871
890.803.239-9,Empresa de Obras Sanitarias de Caldas - Empocaldas S.A E.S.P,2019,OCTUBRE,GUARINOCITO,17794,0
890.803.239-9,Empresa de Obras Sanitarias de Caldas - Empocaldas S.A E.S.P,2019,OCTUBRE,KILOMETRO 41,7347,2956
890.803.239-9,Empresa de Obras Sanitarias de Caldas - Empocaldas S.A E.S.P,2019,OCTUBRE,LA DORADA,393587,315327
890.803.239-9,Empresa de Obras Sanitarias de Caldas - Empocaldas S.A E.S.P,2019,OCTUBRE,MANZANARES,20729,17008
890.803.239-9,Empresa de Obras Sanitarias de Caldas - Empocaldas S.A E.S.P,2019,OCTUBRE,MARMATO,18141,8718
890.803.239-9,Empresa de Obras Sanitarias de Caldas - Empocaldas S.A E.S.P,2019,OCTUBRE,MARQUETALIA,17790,14689
890.803.239-9,Empresa de Obras Sanitarias de Caldas - Empocaldas S.A E.S.P,2019,OCTUBRE,MARULANDA,1778,1730
890.803.239-9,Empresa de Obras Sanitarias de Caldas - Empocaldas S.A E.S.P,2019,OCTUBRE,NEIRA,38509,36271
890.803.239-9,Empresa de Obras Sanitarias de Caldas - Empocaldas S.A E.S.P,2019,OCTUBRE,PALESTINA,17646,14772
890.803.239-9,Empresa de Obras Sanitarias de Caldas - Empocaldas S.A E.S.P,2019,OCTUBRE,RIOSUCIO,63305,58465
890.803.239-9,Empresa de Obras Sanitarias de Caldas - Empocaldas S.A E.S.P,2019,OCTUBRE,RISARALDA,16874,11567
890.803.239-9,Empresa de Obras Sanitarias de Caldas - Empocaldas S.A E.S.P,2019,OCTUBRE,SALAMINA,28776,28217
890.803.239-9,Empresa de Obras Sanitarias de Caldas - Empocaldas S.A E.S.P,2019,OCTUBRE,SAMANA,17532,14675
890.803.239-9,Empresa de Obras Sanitarias de Caldas - Empocaldas S.A E.S.P,2019,OCTUBRE,SAN JOSE,6149,3301
890.803.239-9,Empresa de Obras Sanitarias de Caldas - Empocaldas S.A E.S.P,2019,OCTUBRE,SUPIA,71101,56492
890.803.239-9,Empresa de Obras Sanitarias de Caldas - Empocaldas S.A E.S.P,2019,OCTUBRE,VICTORIA,11624,10178
890.803.239-9,Empresa de Obras Sanitarias de Caldas - Empocaldas S.A E.S.P,2019,OCTUBRE,VITERBO,50939,43072
890.803.239-9,Empresa de Obras Sanitarias de Caldas - Empocaldas S.A E.S.P,2019,NOVIEMBRE,AGUADAS,43127,40262
890.803.239-9,Empresa de Obras Sanitarias de Caldas - Empocaldas S.A E.S.P,2019,NOVIEMBRE,ANSERMA,63852,62127
890.803.239-9,Empresa de Obras Sanitarias de Caldas - Empocaldas S.A E.S.P,2019,NOVIEMBRE,ARAUCA,18968,16848
890.803.239-9,Empresa de Obras Sanitarias de Caldas - Empocaldas S.A E.S.P,2019,NOVIEMBRE,ARMA,5118,3665
890.803.239-9,Empresa de Obras Sanitarias de Caldas - Empocaldas S.A E.S.P,2019,NOVIEMBRE,BELALCAZAR,16577,11618
890.803.239-9,Empresa de Obras Sanitarias de Caldas - Empocaldas S.A E.S.P,2019,NOVIEMBRE,CHINCHINA,303090,290832
890.803.239-9,Empresa de Obras Sanitarias de Caldas - Empocaldas S.A E.S.P,2019,NOVIEMBRE,FILADELFIA,12004,11345
890.803.239-9,Empresa de Obras Sanitarias de Caldas - Empocaldas S.A E.S.P,2019,NOVIEMBRE,GUARINOCITO,18631,0
890.803.239-9,Empresa de Obras Sanitarias de Caldas - Empocaldas S.A E.S.P,2019,NOVIEMBRE,KILOMETRO 41,6711,2829
890.803.239-9,Empresa de Obras Sanitarias de Caldas - Empocaldas S.A E.S.P,2019,NOVIEMBRE,LA DORADA,377483,299894
890.803.239-9,Empresa de Obras Sanitarias de Caldas - Empocaldas S.A E.S.P,2019,NOVIEMBRE,MANZANARES,22935,18877
890.803.239-9,Empresa de Obras Sanitarias de Caldas - Empocaldas S.A E.S.P,2019,NOVIEMBRE,MARMATO,18711,9784
890.803.239-9,Empresa de Obras Sanitarias de Caldas - Empocaldas S.A E.S.P,2019,NOVIEMBRE,MARQUETALIA,18993,16090
890.803.239-9,Empresa de Obras Sanitarias de Caldas - Empocaldas S.A E.S.P,2019,NOVIEMBRE,MARULANDA,1994,1947
890.803.239-9,Empresa de Obras Sanitarias de Caldas - Empocaldas S.A E.S.P,2019,NOVIEMBRE,NEIRA,36429,34441
890.803.239-9,Empresa de Obras Sanitarias de Caldas - Empocaldas S.A E.S.P,2019,NOVIEMBRE,PALESTINA,18981,15994
890.803.239-9,Empresa de Obras Sanitarias de Caldas - Empocaldas S.A E.S.P,2019,NOVIEMBRE,RIOSUCIO,62157,57105
890.803.239-9,Empresa de Obras Sanitarias de Caldas - Empocaldas S.A E.S.P,2019,NOVIEMBRE,RISARALDA,17283,12090
890.803.239-9,Empresa de Obras Sanitarias de Caldas - Empocaldas S.A E.S.P,2019,NOVIEMBRE,SALAMINA,29173,28717
890.803.239-9,Empresa de Obras Sanitarias de Caldas - Empocaldas S.A E.S.P,2019,NOVIEMBRE,SAMANA,16580,13781
890.803.239-9,Empresa de Obras Sanitarias de Caldas - Empocaldas S.A E.S.P,2019,NOVIEMBRE,SAN JOSE,6322,3656
890.803.239-9,Empresa de Obras Sanitarias de Caldas - Empocaldas S.A E.S.P,2019,NOVIEMBRE,SUPIA,66763,54167
890.803.239-9,Empresa de Obras Sanitarias de Caldas - Empocaldas S.A E.S.P,2019,NOVIEMBRE,VICTORIA,13971,12346
890.803.239-9,Empresa de Obras Sanitarias de Caldas - Empocaldas S.A E.S.P,2019,NOVIEMBRE,VITERBO,50839,43767
890.803.239-9,Empresa de Obras Sanitarias de Caldas - Empocaldas S.A E.S.P,2019,DICIEMBRE,AGUADAS,46888,45107
890.803.239-9,Empresa de Obras Sanitarias de Caldas - Empocaldas S.A E.S.P,2019,DICIEMBRE,ANSERMA,58138,56705
890.803.239-9,Empresa de Obras Sanitarias de Caldas - Empocaldas S.A E.S.P,2019,DICIEMBRE,ARAUCA,17946,15843
890.803.239-9,Empresa de Obras Sanitarias de Caldas - Empocaldas S.A E.S.P,2019,DICIEMBRE,ARMA,4690,3539
890.803.239-9,Empresa de Obras Sanitarias de Caldas - Empocaldas S.A E.S.P,2019,DICIEMBRE,BELALCAZAR,17228,12385
890.803.239-9,Empresa de Obras Sanitarias de Caldas - Empocaldas S.A E.S.P,2019,DICIEMBRE,CHINCHINA,294271,281276
890.803.239-9,Empresa de Obras Sanitarias de Caldas - Empocaldas S.A E.S.P,2019,DICIEMBRE,FILADELFIA,11577,10850
890.803.239-9,Empresa de Obras Sanitarias de Caldas - Empocaldas S.A E.S.P,2019,DICIEMBRE,GUARINOCITO,17282,0
890.803.239-9,Empresa de Obras Sanitarias de Caldas - Empocaldas S.A E.S.P,2019,DICIEMBRE,KILOMETRO 41,7211,3031
890.803.239-9,Empresa de Obras Sanitarias de Caldas - Empocaldas S.A E.S.P,2019,DICIEMBRE,LA DORADA,380155,292967
890.803.239-9,Empresa de Obras Sanitarias de Caldas - Empocaldas S.A E.S.P,2019,DICIEMBRE,MANZANARES,19874,16310
890.803.239-9,Empresa de Obras Sanitarias de Caldas - Empocaldas S.A E.S.P,2019,DICIEMBRE,MARMATO,17199,8536
890.803.239-9,Empresa de Obras Sanitarias de Caldas - Empocaldas S.A E.S.P,2019,DICIEMBRE,MARQUETALIA,19378,16496
890.803.239-9,Empresa de Obras Sanitarias de Caldas - Empocaldas S.A E.S.P,2019,DICIEMBRE,MARULANDA,1865,1821
890.803.239-9,Empresa de Obras Sanitarias de Caldas - Empocaldas S.A E.S.P,2019,DICIEMBRE,NEIRA,39725,37301
890.803.239-9,Empresa de Obras Sanitarias de Caldas - Empocaldas S.A E.S.P,2019,DICIEMBRE,PALESTINA,17098,14271
890.803.239-9,Empresa de Obras Sanitarias de Caldas - Empocaldas S.A E.S.P,2019,DICIEMBRE,RIOSUCIO,56237,51373
890.803.239-9,Empresa de Obras Sanitarias de Caldas - Empocaldas S.A E.S.P,2019,DICIEMBRE,RISARALDA,15769,11589
890.803.239-9,Empresa de Obras Sanitarias de Caldas - Empocaldas S.A E.S.P,2019,DICIEMBRE,SALAMINA,31617,30767
890.803.239-9,Empresa de Obras Sanitarias de Caldas - Empocaldas S.A E.S.P,2019,DICIEMBRE,SAMANA,16342,13541
890.803.239-9,Empresa de Obras Sanitarias de Caldas - Empocaldas S.A E.S.P,2019,DICIEMBRE,SAN JOSE,5743,3469
890.803.239-9,Empresa de Obras Sanitarias de Caldas - Empocaldas S.A E.S.P,2019,DICIEMBRE,SUPIA,65859,53638
890.803.239-9,Empresa de Obras Sanitarias de Caldas - Empocaldas S.A E.S.P,2019,DICIEMBRE,VICTORIA,13200,11599
890.803.239-9,Empresa de Obras Sanitarias de Caldas - Empocaldas S.A E.S.P,2019,DICIEMBRE,VITERBO,51896,45082
890.803.239-9,Empresa de Obras Sanitarias de Caldas - Empocaldas S.A E.S.P,2020,ENERO,AGUADAS,41800,39776
890.803.239-9,Empresa de Obras Sanitarias de Caldas - Empocaldas S.A E.S.P,2020,ENERO,ANSERMA,67924,66235
890.803.239-9,Empresa de Obras Sanitarias de Caldas - Empocaldas S.A E.S.P,2020,ENERO,ARAUCA,20409,18219
890.803.239-9,Empresa de Obras Sanitarias de Caldas - Empocaldas S.A E.S.P,2020,ENERO,ARMA,5639,3954
890.803.239-9,Empresa de Obras Sanitarias de Caldas - Empocaldas S.A E.S.P,2020,ENERO,BELALCAZAR,18126,12694
890.803.239-9,Empresa de Obras Sanitarias de Caldas - Empocaldas S.A E.S.P,2020,ENERO,CHINCHINA,299508,286790
890.803.239-9,Empresa de Obras Sanitarias de Caldas - Empocaldas S.A E.S.P,2020,ENERO,FILADELFIA,13985,12701
890.803.239-9,Empresa de Obras Sanitarias de Caldas - Empocaldas S.A E.S.P,2020,ENERO,GUARINOCITO,22236,0
890.803.239-9,Empresa de Obras Sanitarias de Caldas - Empocaldas S.A E.S.P,2020,ENERO,KILOMETRO 41,7770,3138
890.803.239-9,Empresa de Obras Sanitarias de Caldas - Empocaldas S.A E.S.P,2020,ENERO,LA DORADA,418870,323384
890.803.239-9,Empresa de Obras Sanitarias de Caldas - Empocaldas S.A E.S.P,2020,ENERO,MANZANARES,24120,20331
890.803.239-9,Empresa de Obras Sanitarias de Caldas - Empocaldas S.A E.S.P,2020,ENERO,MARMATO,21820,10641
890.803.239-9,Empresa de Obras Sanitarias de Caldas - Empocaldas S.A E.S.P,2020,ENERO,MARQUETALIA,23091,19845
890.803.239-9,Empresa de Obras Sanitarias de Caldas - Empocaldas S.A E.S.P,2020,ENERO,MARULANDA,2052,1997
890.803.239-9,Empresa de Obras Sanitarias de Caldas - Empocaldas S.A E.S.P,2020,ENERO,NEIRA,46657,43494
890.803.239-9,Empresa de Obras Sanitarias de Caldas - Empocaldas S.A E.S.P,2020,ENERO,PALESTINA,21910,17764
890.803.239-9,Empresa de Obras Sanitarias de Caldas - Empocaldas S.A E.S.P,2020,ENERO,RIOSUCIO,72063,66086
890.803.239-9,Empresa de Obras Sanitarias de Caldas - Empocaldas S.A E.S.P,2020,ENERO,RISARALDA,19160,13039
890.803.239-9,Empresa de Obras Sanitarias de Caldas - Empocaldas S.A E.S.P,2020,ENERO,SALAMINA,33796,32888
890.803.239-9,Empresa de Obras Sanitarias de Caldas - Empocaldas S.A E.S.P,2020,ENERO,SAMANA,20914,17301
890.803.239-9,Empresa de Obras Sanitarias de Caldas - Empocaldas S.A E.S.P,2020,ENERO,SAN JOSE,6291,3741
890.803.239-9,Empresa de Obras Sanitarias de Caldas - Empocaldas S.A E.S.P,2020,ENERO,SUPIA,77207,62031
890.803.239-9,Empresa de Obras Sanitarias de Caldas - Empocaldas S.A E.S.P,2020,ENERO,VICTORIA,17234,14476
890.803.239-9,Empresa de Obras Sanitarias de Caldas - Empocaldas S.A E.S.P,2020,ENERO,VITERBO,61347,51520
890.803.239-9,Empresa de Obras Sanitarias de Caldas - Empocaldas S.A E.S.P,2020,FEBRERO,AGUADAS,45249,42120
890.803.239-9,Empresa de Obras Sanitarias de Caldas - Empocaldas S.A E.S.P,2020,FEBRERO,ANSERMA,63923,62212
890.803.239-9,Empresa de Obras Sanitarias de Caldas - Empocaldas S.A E.S.P,2020,FEBRERO,ARAUCA,18985,16895
890.803.239-9,Empresa de Obras Sanitarias de Caldas - Empocaldas S.A E.S.P,2020,FEBRERO,ARMA,5516,4000
890.803.239-9,Empresa de Obras Sanitarias de Caldas - Empocaldas S.A E.S.P,2020,FEBRERO,BELALCAZAR,19681,13617
890.803.239-9,Empresa de Obras Sanitarias de Caldas - Empocaldas S.A E.S.P,2020,FEBRERO,CHINCHINA,287535,270609
890.803.239-9,Empresa de Obras Sanitarias de Caldas - Empocaldas S.A E.S.P,2020,FEBRERO,FILADELFIA,11347,10667
890.803.239-9,Empresa de Obras Sanitarias de Caldas - Empocaldas S.A E.S.P,2020,FEBRERO,GUARINOCITO,19376,0
890.803.239-9,Empresa de Obras Sanitarias de Caldas - Empocaldas S.A E.S.P,2020,FEBRERO,KILOMETRO 41,7527,3062
890.803.239-9,Empresa de Obras Sanitarias de Caldas - Empocaldas S.A E.S.P,2020,FEBRERO,LA DORADA,413144,323087
890.803.239-9,Empresa de Obras Sanitarias de Caldas - Empocaldas S.A E.S.P,2020,FEBRERO,MANZANARES,19714,16426
890.803.239-9,Empresa de Obras Sanitarias de Caldas - Empocaldas S.A E.S.P,2020,FEBRERO,MARMATO,19785,10145
890.803.239-9,Empresa de Obras Sanitarias de Caldas - Empocaldas S.A E.S.P,2020,FEBRERO,MARQUETALIA,18498,15830
890.803.239-9,Empresa de Obras Sanitarias de Caldas - Empocaldas S.A E.S.P,2020,FEBRERO,MARULANDA,2149,2082
890.803.239-9,Empresa de Obras Sanitarias de Caldas - Empocaldas S.A E.S.P,2020,FEBRERO,NEIRA,40899,38554
890.803.239-9,Empresa de Obras Sanitarias de Caldas - Empocaldas S.A E.S.P,2020,FEBRERO,PALESTINA,18190,15053
890.803.239-9,Empresa de Obras Sanitarias de Caldas - Empocaldas S.A E.S.P,2020,FEBRERO,RIOSUCIO,58969,54458
890.803.239-9,Empresa de Obras Sanitarias de Caldas - Empocaldas S.A E.S.P,2020,FEBRERO,RISARALDA,19513,13371
890.803.239-9,Empresa de Obras Sanitarias de Caldas - Empocaldas S.A E.S.P,2020,FEBRERO,SALAMINA,31053,30609
890.803.239-9,Empresa de Obras Sanitarias de Caldas - Empocaldas S.A E.S.P,2020,FEBRERO,SAMANA,17551,14408
890.803.239-9,Empresa de Obras Sanitarias de Caldas - Empocaldas S.A E.S.P,2020,FEBRERO,SAN JOSE,6344,3870
890.803.239-9,Empresa de Obras Sanitarias de Caldas - Empocaldas S.A E.S.P,2020,FEBRERO,SUPIA,64485,52058
890.803.239-9,Empresa de Obras Sanitarias de Caldas - Empocaldas S.A E.S.P,2020,FEBRERO,VICTORIA,14151,12335
890.803.239-9,Empresa de Obras Sanitarias de Caldas - Empocaldas S.A E.S.P,2020,FEBRERO,VITERBO,57826,48070
890.803.239-9,Empresa de Obras Sanitarias de Caldas - Empocaldas S.A E.S.P,2020,MARZO,AGUADAS,41264,39165
890.803.239-9,Empresa de Obras Sanitarias de Caldas - Empocaldas S.A E.S.P,2020,MARZO,ANSERMA,56992,55327
890.803.239-9,Empresa de Obras Sanitarias de Caldas - Empocaldas S.A E.S.P,2020,MARZO,ARAUCA,16856,14939
890.803.239-9,Empresa de Obras Sanitarias de Caldas - Empocaldas S.A E.S.P,2020,MARZO,ARMA,6119,4299
890.803.239-9,Empresa de Obras Sanitarias de Caldas - Empocaldas S.A E.S.P,2020,MARZO,BELALCAZAR,16445,11438
890.803.239-9,Empresa de Obras Sanitarias de Caldas - Empocaldas S.A E.S.P,2020,MARZO,CHINCHINA,265044,252932
890.803.239-9,Empresa de Obras Sanitarias de Caldas - Empocaldas S.A E.S.P,2020,MARZO,FILADELFIA,12194,11489
890.803.239-9,Empresa de Obras Sanitarias de Caldas - Empocaldas S.A E.S.P,2020,MARZO,GUARINOCITO,17124,0
890.803.239-9,Empresa de Obras Sanitarias de Caldas - Empocaldas S.A E.S.P,2020,MARZO,KILOMETRO 41,6724,2851
890.803.239-9,Empresa de Obras Sanitarias de Caldas - Empocaldas S.A E.S.P,2020,MARZO,LA DORADA,376147,287952
890.803.239-9,Empresa de Obras Sanitarias de Caldas - Empocaldas S.A E.S.P,2020,MARZO,MANZANARES,19806,16572
890.803.239-9,Empresa de Obras Sanitarias de Caldas - Empocaldas S.A E.S.P,2020,MARZO,MARMATO,17548,13131
890.803.239-9,Empresa de Obras Sanitarias de Caldas - Empocaldas S.A E.S.P,2020,MARZO,MARQUETALIA,19770,16808
890.803.239-9,Empresa de Obras Sanitarias de Caldas - Empocaldas S.A E.S.P,2020,MARZO,MARULANDA,1731,1677
890.803.239-9,Empresa de Obras Sanitarias de Caldas - Empocaldas S.A E.S.P,2020,MARZO,NEIRA,40067,37695
890.803.239-9,Empresa de Obras Sanitarias de Caldas - Empocaldas S.A E.S.P,2020,MARZO,PALESTINA,16924,14107
890.803.239-9,Empresa de Obras Sanitarias de Caldas - Empocaldas S.A E.S.P,2020,MARZO,RIOSUCIO,56860,52538
890.803.239-9,Empresa de Obras Sanitarias de Caldas - Empocaldas S.A E.S.P,2020,MARZO,RISARALDA,16655,11120
890.803.239-9,Empresa de Obras Sanitarias de Caldas - Empocaldas S.A E.S.P,2020,MARZO,SALAMINA,30923,30408
890.803.239-9,Empresa de Obras Sanitarias de Caldas - Empocaldas S.A E.S.P,2020,MARZO,SAMANA,16240,13446
890.803.239-9,Empresa de Obras Sanitarias de Caldas - Empocaldas S.A E.S.P,2020,MARZO,SAN JOSE,6026,3590
890.803.239-9,Empresa de Obras Sanitarias de Caldas - Empocaldas S.A E.S.P,2020,MARZO,SUPIA,64708,54388
890.803.239-9,Empresa de Obras Sanitarias de Caldas - Empocaldas S.A E.S.P,2020,MARZO,VICTORIA,11904,10385
890.803.239-9,Empresa de Obras Sanitarias de Caldas - Empocaldas S.A E.S.P,2020,MARZO,VITERBO,55478,34729
890.803.239-9,Empresa de Obras Sanitarias de Caldas - Empocaldas S.A E.S.P,2020,ABRIL,AGUADAS,43664,41367
890.803.239-9,Empresa de Obras Sanitarias de Caldas - Empocaldas S.A E.S.P,2020,ABRIL,ANSERMA,59358,57733
890.803.239-9,Empresa de Obras Sanitarias de Caldas - Empocaldas S.A E.S.P,2020,ABRIL,ARAUCA,17524,15437
890.803.239-9,Empresa de Obras Sanitarias de Caldas - Empocaldas S.A E.S.P,2020,ABRIL,ARMA,6033,4167
890.803.239-9,Empresa de Obras Sanitarias de Caldas - Empocaldas S.A E.S.P,2020,ABRIL,BELALCAZAR,16741,11436
890.803.239-9,Empresa de Obras Sanitarias de Caldas - Empocaldas S.A E.S.P,2020,ABRIL,CHINCHINA,272088,259052
890.803.239-9,Empresa de Obras Sanitarias de Caldas - Empocaldas S.A E.S.P,2020,ABRIL,FILADELFIA,10722,9970
890.803.239-9,Empresa de Obras Sanitarias de Caldas - Empocaldas S.A E.S.P,2020,ABRIL,GUARINOCITO,17566,0
890.803.239-9,Empresa de Obras Sanitarias de Caldas - Empocaldas S.A E.S.P,2020,ABRIL,KILOMETRO 41,6734,2876
890.803.239-9,Empresa de Obras Sanitarias de Caldas - Empocaldas S.A E.S.P,2020,ABRIL,LA DORADA,376812,290122
890.803.239-9,Empresa de Obras Sanitarias de Caldas - Empocaldas S.A E.S.P,2020,ABRIL,MANZANARES,19937,16553
890.803.239-9,Empresa de Obras Sanitarias de Caldas - Empocaldas S.A E.S.P,2020,ABRIL,MARMATO,19603,13542
890.803.239-9,Empresa de Obras Sanitarias de Caldas - Empocaldas S.A E.S.P,2020,ABRIL,MARQUETALIA,16701,13959
890.803.239-9,Empresa de Obras Sanitarias de Caldas - Empocaldas S.A E.S.P,2020,ABRIL,MARULANDA,1708,1645
890.803.239-9,Empresa de Obras Sanitarias de Caldas - Empocaldas S.A E.S.P,2020,ABRIL,NEIRA,39529,40679
890.803.239-9,Empresa de Obras Sanitarias de Caldas - Empocaldas S.A E.S.P,2020,ABRIL,PALESTINA,18393,15298
890.803.239-9,Empresa de Obras Sanitarias de Caldas - Empocaldas S.A E.S.P,2020,ABRIL,RIOSUCIO,60176,55288
890.803.239-9,Empresa de Obras Sanitarias de Caldas - Empocaldas S.A E.S.P,2020,ABRIL,RISARALDA,17040,11489
890.803.239-9,Empresa de Obras Sanitarias de Caldas - Empocaldas S.A E.S.P,2020,ABRIL,SALAMINA,29455,28884
890.803.239-9,Empresa de Obras Sanitarias de Caldas - Empocaldas S.A E.S.P,2020,ABRIL,SAMANA,16287,13611
890.803.239-9,Empresa de Obras Sanitarias de Caldas - Empocaldas S.A E.S.P,2020,ABRIL,SAN JOSE,6131,3468
890.803.239-9,Empresa de Obras Sanitarias de Caldas - Empocaldas S.A E.S.P,2020,ABRIL,SUPIA,69418,57850
890.803.239-9,Empresa de Obras Sanitarias de Caldas - Empocaldas S.A E.S.P,2020,ABRIL,VICTORIA,12721,11091
890.803.239-9,Empresa de Obras Sanitarias de Caldas - Empocaldas S.A E.S.P,2020,ABRIL,VITERBO,48742,41252
890.803.239-9,Empresa de Obras Sanitarias de Caldas - Empocaldas S.A E.S.P,2020,MAYO,AGUADAS,35047,32337
890.803.239-9,Empresa de Obras Sanitarias de Caldas - Empocaldas S.A E.S.P,2020,MAYO,ANSERMA,60596,58953
890.803.239-9,Empresa de Obras Sanitarias de Caldas - Empocaldas S.A E.S.P,2020,MAYO,ARAUCA,18906,16580
890.803.239-9,Empresa de Obras Sanitarias de Caldas - Empocaldas S.A E.S.P,2020,MAYO,ARMA,5471,3783
890.803.239-9,Empresa de Obras Sanitarias de Caldas - Empocaldas S.A E.S.P,2020,MAYO,BELALCAZAR,16490,11572
890.803.239-9,Empresa de Obras Sanitarias de Caldas - Empocaldas S.A E.S.P,2020,MAYO,CHINCHINA,281585,268920
890.803.239-9,Empresa de Obras Sanitarias de Caldas - Empocaldas S.A E.S.P,2020,MAYO,FILADELFIA,11812,11017
890.803.239-9,Empresa de Obras Sanitarias de Caldas - Empocaldas S.A E.S.P,2020,MAYO,GUARINOCITO,20394,0
890.803.239-9,Empresa de Obras Sanitarias de Caldas - Empocaldas S.A E.S.P,2020,MAYO,KILOMETRO 41,7600,3204
890.803.239-9,Empresa de Obras Sanitarias de Caldas - Empocaldas S.A E.S.P,2020,MAYO,LA DORADA,366805,294756
890.803.239-9,Empresa de Obras Sanitarias de Caldas - Empocaldas S.A E.S.P,2020,MAYO,MANZANARES,19279,15868
890.803.239-9,Empresa de Obras Sanitarias de Caldas - Empocaldas S.A E.S.P,2020,MAYO,MARMATO,19436,9723
890.803.239-9,Empresa de Obras Sanitarias de Caldas - Empocaldas S.A E.S.P,2020,MAYO,MARQUETALIA,19561,16326
890.803.239-9,Empresa de Obras Sanitarias de Caldas - Empocaldas S.A E.S.P,2020,MAYO,MARULANDA,1615,1558
890.803.239-9,Empresa de Obras Sanitarias de Caldas - Empocaldas S.A E.S.P,2020,MAYO,NEIRA,38190,35878
890.803.239-9,Empresa de Obras Sanitarias de Caldas - Empocaldas S.A E.S.P,2020,MAYO,PALESTINA,17512,15053
890.803.239-9,Empresa de Obras Sanitarias de Caldas - Empocaldas S.A E.S.P,2020,MAYO,RIOSUCIO,60507,55809
890.803.239-9,Empresa de Obras Sanitarias de Caldas - Empocaldas S.A E.S.P,2020,MAYO,RISARALDA,18491,12464
890.803.239-9,Empresa de Obras Sanitarias de Caldas - Empocaldas S.A E.S.P,2020,MAYO,SALAMINA,30160,29585
890.803.239-9,Empresa de Obras Sanitarias de Caldas - Empocaldas S.A E.S.P,2020,MAYO,SAMANA,16674,13826
890.803.239-9,Empresa de Obras Sanitarias de Caldas - Empocaldas S.A E.S.P,2020,MAYO,SAN JOSE,6039,3206
890.803.239-9,Empresa de Obras Sanitarias de Caldas - Empocaldas S.A E.S.P,2020,MAYO,SUPIA,56752,47340
890.803.239-9,Empresa de Obras Sanitarias de Caldas - Empocaldas S.A E.S.P,2020,MAYO,VICTORIA,12416,10736
890.803.239-9,Empresa de Obras Sanitarias de Caldas - Empocaldas S.A E.S.P,2020,MAYO,VITERBO,50173,43236
890.803.239-9,Empresa de Obras Sanitarias de Caldas - Empocaldas S.A E.S.P,2020,JUNIO,AGUADAS,40589,38207
890.803.239-9,Empresa de Obras Sanitarias de Caldas - Empocaldas S.A E.S.P,2020,JUNIO,ANSERMA,63121,61189
890.803.239-9,Empresa de Obras Sanitarias de Caldas - Empocaldas S.A E.S.P,2020,JUNIO,ARAUCA,16819,14730
890.803.239-9,Empresa de Obras Sanitarias de Caldas - Empocaldas S.A E.S.P,2020,JUNIO,ARMA,5028,3633
890.803.239-9,Empresa de Obras Sanitarias de Caldas - Empocaldas S.A E.S.P,2020,JUNIO,BELALCAZAR,17378,12473
890.803.239-9,Empresa de Obras Sanitarias de Caldas - Empocaldas S.A E.S.P,2020,JUNIO,CHINCHINA,317041,302438
890.803.239-9,Empresa de Obras Sanitarias de Caldas - Empocaldas S.A E.S.P,2020,JUNIO,FILADELFIA,11813,10964
890.803.239-9,Empresa de Obras Sanitarias de Caldas - Empocaldas S.A E.S.P,2020,JUNIO,GUARINOCITO,18835,0
890.803.239-9,Empresa de Obras Sanitarias de Caldas - Empocaldas S.A E.S.P,2020,JUNIO,KILOMETRO 41,6915,2800
890.803.239-9,Empresa de Obras Sanitarias de Caldas - Empocaldas S.A E.S.P,2020,JUNIO,LA DORADA,413357,325503
890.803.239-9,Empresa de Obras Sanitarias de Caldas - Empocaldas S.A E.S.P,2020,JUNIO,MANZANARES,18625,15511
890.803.239-9,Empresa de Obras Sanitarias de Caldas - Empocaldas S.A E.S.P,2020,JUNIO,MARMATO,20024,9928
890.803.239-9,Empresa de Obras Sanitarias de Caldas - Empocaldas S.A E.S.P,2020,JUNIO,MARQUETALIA,20491,17154
890.803.239-9,Empresa de Obras Sanitarias de Caldas - Empocaldas S.A E.S.P,2020,JUNIO,MARULANDA,1753,1697
890.803.239-9,Empresa de Obras Sanitarias de Caldas - Empocaldas S.A E.S.P,2020,JUNIO,NEIRA,38287,35627
890.803.239-9,Empresa de Obras Sanitarias de Caldas - Empocaldas S.A E.S.P,2020,JUNIO,PALESTINA,16528,14352
890.803.239-9,Empresa de Obras Sanitarias de Caldas - Empocaldas S.A E.S.P,2020,JUNIO,RIOSUCIO,56944,52344
890.803.239-9,Empresa de Obras Sanitarias de Caldas - Empocaldas S.A E.S.P,2020,JUNIO,RISARALDA,16617,11323
890.803.239-9,Empresa de Obras Sanitarias de Caldas - Empocaldas S.A E.S.P,2020,JUNIO,SALAMINA,31800,30912
890.803.239-9,Empresa de Obras Sanitarias de Caldas - Empocaldas S.A E.S.P,2020,JUNIO,SAMANA,16333,13498
890.803.239-9,Empresa de Obras Sanitarias de Caldas - Empocaldas S.A E.S.P,2020,JUNIO,SAN JOSE,6178,3528
890.803.239-9,Empresa de Obras Sanitarias de Caldas - Empocaldas S.A E.S.P,2020,JUNIO,SUPIA,62880,52223
890.803.239-9,Empresa de Obras Sanitarias de Caldas - Empocaldas S.A E.S.P,2020,JUNIO,VICTORIA,12915,11086
890.803.239-9,Empresa de Obras Sanitarias de Caldas - Empocaldas S.A E.S.P,2020,JUNIO,VITERBO,55868,48083
890.803.239-9,Empresa de Obras Sanitarias de Caldas - Empocaldas S.A E.S.P,2020,JULIO,AGUADAS,40193,37941
890.803.239-9,Empresa de Obras Sanitarias de Caldas - Empocaldas S.A E.S.P,2020,JULIO,ANSERMA,58741,56999
890.803.239-9,Empresa de Obras Sanitarias de Caldas - Empocaldas S.A E.S.P,2020,JULIO,ARAUCA,18192,16025
890.803.239-9,Empresa de Obras Sanitarias de Caldas - Empocaldas S.A E.S.P,2020,JULIO,ARMA,5389,3772
890.803.239-9,Empresa de Obras Sanitarias de Caldas - Empocaldas S.A E.S.P,2020,JULIO,BELALCAZAR,16087,11590
890.803.239-9,Empresa de Obras Sanitarias de Caldas - Empocaldas S.A E.S.P,2020,JULIO,CHINCHINA,280347,266227
890.803.239-9,Empresa de Obras Sanitarias de Caldas - Empocaldas S.A E.S.P,2020,JULIO,FILADELFIA,11499,10583
890.803.239-9,Empresa de Obras Sanitarias de Caldas - Empocaldas S.A E.S.P,2020,JULIO,GUARINOCITO,18815,0
890.803.239-9,Empresa de Obras Sanitarias de Caldas - Empocaldas S.A E.S.P,2020,JULIO,KILOMETRO 41,7428,2955
890.803.239-9,Empresa de Obras Sanitarias de Caldas - Empocaldas S.A E.S.P,2020,JULIO,LA DORADA,360211,288348
890.803.239-9,Empresa de Obras Sanitarias de Caldas - Empocaldas S.A E.S.P,2020,JULIO,MANZANARES,21646,18023
890.803.239-9,Empresa de Obras Sanitarias de Caldas - Empocaldas S.A E.S.P,2020,JULIO,MARMATO,20994,10433
890.803.239-9,Empresa de Obras Sanitarias de Caldas - Empocaldas S.A E.S.P,2020,JULIO,MARQUETALIA,18404,15558
890.803.239-9,Empresa de Obras Sanitarias de Caldas - Empocaldas S.A E.S.P,2020,JULIO,MARULANDA,1624,1580
890.803.239-9,Empresa de Obras Sanitarias de Caldas - Empocaldas S.A E.S.P,2020,JULIO,NEIRA,38390,36205
890.803.239-9,Empresa de Obras Sanitarias de Caldas - Empocaldas S.A E.S.P,2020,JULIO,PALESTINA,18323,15702
890.803.239-9,Empresa de Obras Sanitarias de Caldas - Empocaldas S.A E.S.P,2020,JULIO,RIOSUCIO,60514,55867
890.803.239-9,Empresa de Obras Sanitarias de Caldas - Empocaldas S.A E.S.P,2020,JULIO,RISARALDA,18345,12421
890.803.239-9,Empresa de Obras Sanitarias de Caldas - Empocaldas S.A E.S.P,2020,JULIO,SALAMINA,30219,29285
890.803.239-9,Empresa de Obras Sanitarias de Caldas - Empocaldas S.A E.S.P,2020,JULIO,SAMANA,18209,15153
890.803.239-9,Empresa de Obras Sanitarias de Caldas - Empocaldas S.A E.S.P,2020,JULIO,SAN JOSE,6329,3489
890.803.239-9,Empresa de Obras Sanitarias de Caldas - Empocaldas S.A E.S.P,2020,JULIO,SUPIA,68809,56372
890.803.239-9,Empresa de Obras Sanitarias de Caldas - Empocaldas S.A E.S.P,2020,JULIO,VICTORIA,13747,11849
890.803.239-9,Empresa de Obras Sanitarias de Caldas - Empocaldas S.A E.S.P,2020,JULIO,VITERBO,51300,43665
890.803.239-9,Empresa de Obras Sanitarias de Caldas - Empocaldas S.A E.S.P,2020,AGOSTO,AGUADAS,44127,41648
890.803.239-9,Empresa de Obras Sanitarias de Caldas - Empocaldas S.A E.S.P,2020,AGOSTO,ANSERMA,70861,68952
890.803.239-9,Empresa de Obras Sanitarias de Caldas - Empocaldas S.A E.S.P,2020,AGOSTO,ARAUCA,19967,17648
890.803.239-9,Empresa de Obras Sanitarias de Caldas - Empocaldas S.A E.S.P,2020,AGOSTO,ARMA,5614,3799
890.803.239-9,Empresa de Obras Sanitarias de Caldas - Empocaldas S.A E.S.P,2020,AGOSTO,BELALCAZAR,18513,13385
890.803.239-9,Empresa de Obras Sanitarias de Caldas - Empocaldas S.A E.S.P,2020,AGOSTO,CHINCHINA,338480,324398
890.803.239-9,Empresa de Obras Sanitarias de Caldas - Empocaldas S.A E.S.P,2020,AGOSTO,FILADELFIA,11888,11031
890.803.239-9,Empresa de Obras Sanitarias de Caldas - Empocaldas S.A E.S.P,2020,AGOSTO,GUARINOCITO,18481,0
890.803.239-9,Empresa de Obras Sanitarias de Caldas - Empocaldas S.A E.S.P,2020,AGOSTO,KILOMETRO 41,8143,3347
890.803.239-9,Empresa de Obras Sanitarias de Caldas - Empocaldas S.A E.S.P,2020,AGOSTO,LA DORADA,407610,336372
890.803.239-9,Empresa de Obras Sanitarias de Caldas - Empocaldas S.A E.S.P,2020,AGOSTO,MANZANARES,20803,17028
890.803.239-9,Empresa de Obras Sanitarias de Caldas - Empocaldas S.A E.S.P,2020,AGOSTO,MARMATO,19320,9441
890.803.239-9,Empresa de Obras Sanitarias de Caldas - Empocaldas S.A E.S.P,2020,AGOSTO,MARQUETALIA,18395,15527
890.803.239-9,Empresa de Obras Sanitarias de Caldas - Empocaldas S.A E.S.P,2020,AGOSTO,MARULANDA,2147,2074
890.803.239-9,Empresa de Obras Sanitarias de Caldas - Empocaldas S.A E.S.P,2020,AGOSTO,NEIRA,41916,39612
890.803.239-9,Empresa de Obras Sanitarias de Caldas - Empocaldas S.A E.S.P,2020,AGOSTO,PALESTINA,19481,16257
890.803.239-9,Empresa de Obras Sanitarias de Caldas - Empocaldas S.A E.S.P,2020,AGOSTO,RIOSUCIO,65210,60325
890.803.239-9,Empresa de Obras Sanitarias de Caldas - Empocaldas S.A E.S.P,2020,AGOSTO,RISARALDA,17531,12104
890.803.239-9,Empresa de Obras Sanitarias de Caldas - Empocaldas S.A E.S.P,2020,AGOSTO,SALAMINA,34043,33286
890.803.239-9,Empresa de Obras Sanitarias de Caldas - Empocaldas S.A E.S.P,2020,AGOSTO,SAMANA,19020,15749
890.803.239-9,Empresa de Obras Sanitarias de Caldas - Empocaldas S.A E.S.P,2020,AGOSTO,SAN JOSE,6311,3758
890.803.239-9,Empresa de Obras Sanitarias de Caldas - Empocaldas S.A E.S.P,2020,AGOSTO,SUPIA,70249,58447
890.803.239-9,Empresa de Obras Sanitarias de Caldas - Empocaldas S.A E.S.P,2020,AGOSTO,VICTORIA,15012,12871
890.803.239-9,Empresa de Obras Sanitarias de Caldas - Empocaldas S.A E.S.P,2020,AGOSTO,VITERBO,59292,49926
890.803.239-9,Empresa de Obras Sanitarias de Caldas - Empocaldas S.A E.S.P,2020,SEPTIEMBRE,AGUADAS,40993,38715
890.803.239-9,Empresa de Obras Sanitarias de Caldas - Empocaldas S.A E.S.P,2020,SEPTIEMBRE,ANSERMA,68684,66485
890.803.239-9,Empresa de Obras Sanitarias de Caldas - Empocaldas S.A E.S.P,2020,SEPTIEMBRE,ARAUCA,20629,18323
890.803.239-9,Empresa de Obras Sanitarias de Caldas - Empocaldas S.A E.S.P,2020,SEPTIEMBRE,ARMA,5548,4001
890.803.239-9,Empresa de Obras Sanitarias de Caldas - Empocaldas S.A E.S.P,2020,SEPTIEMBRE,BELALCAZAR,17194,12671
890.803.239-9,Empresa de Obras Sanitarias de Caldas - Empocaldas S.A E.S.P,2020,SEPTIEMBRE,CHINCHINA,336010,319766
890.803.239-9,Empresa de Obras Sanitarias de Caldas - Empocaldas S.A E.S.P,2020,SEPTIEMBRE,FILADELFIA,11920,11090
890.803.239-9,Empresa de Obras Sanitarias de Caldas - Empocaldas S.A E.S.P,2020,SEPTIEMBRE,GUARINOCITO,17618,0
890.803.239-9,Empresa de Obras Sanitarias de Caldas - Empocaldas S.A E.S.P,2020,SEPTIEMBRE,KILOMETRO 41,8711,3512
890.803.239-9,Empresa de Obras Sanitarias de Caldas - Empocaldas S.A E.S.P,2020,SEPTIEMBRE,LA DORADA,399666,318046
890.803.239-9,Empresa de Obras Sanitarias de Caldas - Empocaldas S.A E.S.P,2020,SEPTIEMBRE,MANZANARES,21929,18246
890.803.239-9,Empresa de Obras Sanitarias de Caldas - Empocaldas S.A E.S.P,2020,SEPTIEMBRE,MARMATO,20303,9865
890.803.239-9,Empresa de Obras Sanitarias de Caldas - Empocaldas S.A E.S.P,2020,SEPTIEMBRE,MARQUETALIA,19127,16008
890.803.239-9,Empresa de Obras Sanitarias de Caldas - Empocaldas S.A E.S.P,2020,SEPTIEMBRE,MARULANDA,2026,1958
890.803.239-9,Empresa de Obras Sanitarias de Caldas - Empocaldas S.A E.S.P,2020,SEPTIEMBRE,NEIRA,40865,38407
890.803.239-9,Empresa de Obras Sanitarias de Caldas - Empocaldas S.A E.S.P,2020,SEPTIEMBRE,PALESTINA,20580,17025
890.803.239-9,Empresa de Obras Sanitarias de Caldas - Empocaldas S.A E.S.P,2020,SEPTIEMBRE,RIOSUCIO,67666,62419
890.803.239-9,Empresa de Obras Sanitarias de Caldas - Empocaldas S.A E.S.P,2020,SEPTIEMBRE,RISARALDA,19391,13204
890.803.239-9,Empresa de Obras Sanitarias de Caldas - Empocaldas S.A E.S.P,2020,SEPTIEMBRE,SALAMINA,32405,31754
890.803.239-9,Empresa de Obras Sanitarias de Caldas - Empocaldas S.A E.S.P,2020,SEPTIEMBRE,SAMANA,19206,15997
890.803.239-9,Empresa de Obras Sanitarias de Caldas - Empocaldas S.A E.S.P,2020,SEPTIEMBRE,SAN JOSE,6565,3967
890.803.239-9,Empresa de Obras Sanitarias de Caldas - Empocaldas S.A E.S.P,2020,SEPTIEMBRE,SUPIA,75661,61574
890.803.239-9,Empresa de Obras Sanitarias de Caldas - Empocaldas S.A E.S.P,2020,SEPTIEMBRE,VICTORIA,13684,11718
890.803.239-9,Empresa de Obras Sanitarias de Caldas - Empocaldas S.A E.S.P,2020,SEPTIEMBRE,VITERBO,61866,52730
890.803.239-9,Empresa de Obras Sanitarias de Caldas - Empocaldas S.A E.S.P,2020,OCTUBRE,AGUADAS,43385,40915
890.803.239-9,Empresa de Obras Sanitarias de Caldas - Empocaldas S.A E.S.P,2020,OCTUBRE,ANSERMA,67972,65757
890.803.239-9,Empresa de Obras Sanitarias de Caldas - Empocaldas S.A E.S.P,2020,OCTUBRE,ARAUCA,18772,16391
890.803.239-9,Empresa de Obras Sanitarias de Caldas - Empocaldas S.A E.S.P,2020,OCTUBRE,ARMA,5662,4084
890.803.239-9,Empresa de Obras Sanitarias de Caldas - Empocaldas S.A E.S.P,2020,OCTUBRE,BELALCAZAR,17802,12996
890.803.239-9,Empresa de Obras Sanitarias de Caldas - Empocaldas S.A E.S.P,2020,OCTUBRE,CHINCHINA,304470,291913
890.803.239-9,Empresa de Obras Sanitarias de Caldas - Empocaldas S.A E.S.P,2020,OCTUBRE,FILADELFIA,13447,12500
890.803.239-9,Empresa de Obras Sanitarias de Caldas - Empocaldas S.A E.S.P,2020,OCTUBRE,GUARINOCITO,20091,0
890.803.239-9,Empresa de Obras Sanitarias de Caldas - Empocaldas S.A E.S.P,2020,OCTUBRE,KILOMETRO 41,7490,3078
890.803.239-9,Empresa de Obras Sanitarias de Caldas - Empocaldas S.A E.S.P,2020,OCTUBRE,LA DORADA,410451,329046
890.803.239-9,Empresa de Obras Sanitarias de Caldas - Empocaldas S.A E.S.P,2020,OCTUBRE,MANZANARES,23505,19304
890.803.239-9,Empresa de Obras Sanitarias de Caldas - Empocaldas S.A E.S.P,2020,OCTUBRE,MARMATO,22613,10835
890.803.239-9,Empresa de Obras Sanitarias de Caldas - Empocaldas S.A E.S.P,2020,OCTUBRE,MARQUETALIA,21228,17811
890.803.239-9,Empresa de Obras Sanitarias de Caldas - Empocaldas S.A E.S.P,2020,OCTUBRE,MARULANDA,2325,2282
890.803.239-9,Empresa de Obras Sanitarias de Caldas - Empocaldas S.A E.S.P,2020,OCTUBRE,NEIRA,44620,42275
890.803.239-9,Empresa de Obras Sanitarias de Caldas - Empocaldas S.A E.S.P,2020,OCTUBRE,PALESTINA,18741,15406
890.803.239-9,Empresa de Obras Sanitarias de Caldas - Empocaldas S.A E.S.P,2020,OCTUBRE,RIOSUCIO,66366,61232
890.803.239-9,Empresa de Obras Sanitarias de Caldas - Empocaldas S.A E.S.P,2020,OCTUBRE,RISARALDA,19830,13300
890.803.239-9,Empresa de Obras Sanitarias de Caldas - Empocaldas S.A E.S.P,2020,OCTUBRE,SALAMINA,33927,33158
890.803.239-9,Empresa de Obras Sanitarias de Caldas - Empocaldas S.A E.S.P,2020,OCTUBRE,SAMANA,21567,17956
890.803.239-9,Empresa de Obras Sanitarias de Caldas - Empocaldas S.A E.S.P,2020,OCTUBRE,SAN JOSE,6340,3551
890.803.239-9,Empresa de Obras Sanitarias de Caldas - Empocaldas S.A E.S.P,2020,OCTUBRE,SUPIA,68158,56315
890.803.239-9,Empresa de Obras Sanitarias de Caldas - Empocaldas S.A E.S.P,2020,OCTUBRE,VICTORIA,13797,11871
890.803.239-9,Empresa de Obras Sanitarias de Caldas - Empocaldas S.A E.S.P,2020,OCTUBRE,VITERBO,58214,49045
890.803.239-9,Empresa de Obras Sanitarias de Caldas - Empocaldas S.A E.S.P,2020,NOVIEMBRE,AGUADAS,39736,37245
890.803.239-9,Empresa de Obras Sanitarias de Caldas - Empocaldas S.A E.S.P,2020,NOVIEMBRE,ANSERMA,65601,63468
890.803.239-9,Empresa de Obras Sanitarias de Caldas - Empocaldas S.A E.S.P,2020,NOVIEMBRE,ARAUCA,19866,17507
890.803.239-9,Empresa de Obras Sanitarias de Caldas - Empocaldas S.A E.S.P,2020,NOVIEMBRE,ARMA,6055,4315
890.803.239-9,Empresa de Obras Sanitarias de Caldas - Empocaldas S.A E.S.P,2020,NOVIEMBRE,BELALCAZAR,19071,13608
890.803.239-9,Empresa de Obras Sanitarias de Caldas - Empocaldas S.A E.S.P,2020,NOVIEMBRE,CHINCHINA,297529,285684
890.803.239-9,Empresa de Obras Sanitarias de Caldas - Empocaldas S.A E.S.P,2020,NOVIEMBRE,FILADELFIA,12798,11875
890.803.239-9,Empresa de Obras Sanitarias de Caldas - Empocaldas S.A E.S.P,2020,NOVIEMBRE,GUARINOCITO,19140,0
890.803.239-9,Empresa de Obras Sanitarias de Caldas - Empocaldas S.A E.S.P,2020,NOVIEMBRE,KILOMETRO 41,8022,3188
890.803.239-9,Empresa de Obras Sanitarias de Caldas - Empocaldas S.A E.S.P,2020,NOVIEMBRE,LA DORADA,388270,317096
890.803.239-9,Empresa de Obras Sanitarias de Caldas - Empocaldas S.A E.S.P,2020,NOVIEMBRE,MANZANARES,21770,17879
890.803.239-9,Empresa de Obras Sanitarias de Caldas - Empocaldas S.A E.S.P,2020,NOVIEMBRE,MARMATO,21635,10403
890.803.239-9,Empresa de Obras Sanitarias de Caldas - Empocaldas S.A E.S.P,2020,NOVIEMBRE,MARQUETALIA,19733,16770
890.803.239-9,Empresa de Obras Sanitarias de Caldas - Empocaldas S.A E.S.P,2020,NOVIEMBRE,MARULANDA,2380,2325
890.803.239-9,Empresa de Obras Sanitarias de Caldas - Empocaldas S.A E.S.P,2020,NOVIEMBRE,NEIRA,43166,40801
890.803.239-9,Empresa de Obras Sanitarias de Caldas - Empocaldas S.A E.S.P,2020,NOVIEMBRE,PALESTINA,19564,16231
890.803.239-9,Empresa de Obras Sanitarias de Caldas - Empocaldas S.A E.S.P,2020,NOVIEMBRE,RIOSUCIO,64235,59656
890.803.239-9,Empresa de Obras Sanitarias de Caldas - Empocaldas S.A E.S.P,2020,NOVIEMBRE,RISARALDA,18840,12736
890.803.239-9,Empresa de Obras Sanitarias de Caldas - Empocaldas S.A E.S.P,2020,NOVIEMBRE,SALAMINA,33895,32986
890.803.239-9,Empresa de Obras Sanitarias de Caldas - Empocaldas S.A E.S.P,2020,NOVIEMBRE,SAMANA,17748,14901
890.803.239-9,Empresa de Obras Sanitarias de Caldas - Empocaldas S.A E.S.P,2020,NOVIEMBRE,SAN JOSE,6496,3575
890.803.239-9,Empresa de Obras Sanitarias de Caldas - Empocaldas S.A E.S.P,2020,NOVIEMBRE,SUPIA,73269,61169
890.803.239-9,Empresa de Obras Sanitarias de Caldas - Empocaldas S.A E.S.P,2020,NOVIEMBRE,VICTORIA,13901,12141
890.803.239-9,Empresa de Obras Sanitarias de Caldas - Empocaldas S.A E.S.P,2020,NOVIEMBRE,VITERBO,55024,46077
890.803.239-9,Empresa de Obras Sanitarias de Caldas - Empocaldas S.A E.S.P,2020,DICIEMBRE,AGUADAS,46569,44756
890.803.239-9,Empresa de Obras Sanitarias de Caldas - Empocaldas S.A E.S.P,2020,DICIEMBRE,ANSERMA,64253,62041
890.803.239-9,Empresa de Obras Sanitarias de Caldas - Empocaldas S.A E.S.P,2020,DICIEMBRE,ARAUCA,19118,16870
890.803.239-9,Empresa de Obras Sanitarias de Caldas - Empocaldas S.A E.S.P,2020,DICIEMBRE,ARMA,5547,3896
890.803.239-9,Empresa de Obras Sanitarias de Caldas - Empocaldas S.A E.S.P,2020,DICIEMBRE,BELALCAZAR,17574,13194
890.803.239-9,Empresa de Obras Sanitarias de Caldas - Empocaldas S.A E.S.P,2020,DICIEMBRE,CHINCHINA,271196,260953
890.803.239-9,Empresa de Obras Sanitarias de Caldas - Empocaldas S.A E.S.P,2020,DICIEMBRE,FILADELFIA,12197,11308
890.803.239-9,Empresa de Obras Sanitarias de Caldas - Empocaldas S.A E.S.P,2020,DICIEMBRE,GUARINOCITO,18282,0
890.803.239-9,Empresa de Obras Sanitarias de Caldas - Empocaldas S.A E.S.P,2020,DICIEMBRE,KILOMETRO 41,7203,2988
890.803.239-9,Empresa de Obras Sanitarias de Caldas - Empocaldas S.A E.S.P,2020,DICIEMBRE,LA DORADA,312921,251104
890.803.239-9,Empresa de Obras Sanitarias de Caldas - Empocaldas S.A E.S.P,2020,DICIEMBRE,MANZANARES,19845,16269
890.803.239-9,Empresa de Obras Sanitarias de Caldas - Empocaldas S.A E.S.P,2020,DICIEMBRE,MARMATO,19669,9752
890.803.239-9,Empresa de Obras Sanitarias de Caldas - Empocaldas S.A E.S.P,2020,DICIEMBRE,MARQUETALIA,20661,17342
890.803.239-9,Empresa de Obras Sanitarias de Caldas - Empocaldas S.A E.S.P,2020,DICIEMBRE,MARULANDA,2031,1980
890.803.239-9,Empresa de Obras Sanitarias de Caldas - Empocaldas S.A E.S.P,2020,DICIEMBRE,NEIRA,38030,36076
890.803.239-9,Empresa de Obras Sanitarias de Caldas - Empocaldas S.A E.S.P,2020,DICIEMBRE,PALESTINA,18310,15240
890.803.239-9,Empresa de Obras Sanitarias de Caldas - Empocaldas S.A E.S.P,2020,DICIEMBRE,RIOSUCIO,59227,54414
890.803.239-9,Empresa de Obras Sanitarias de Caldas - Empocaldas S.A E.S.P,2020,DICIEMBRE,RISARALDA,17887,12677
890.803.239-9,Empresa de Obras Sanitarias de Caldas - Empocaldas S.A E.S.P,2020,DICIEMBRE,SALAMINA,33650,32853
890.803.239-9,Empresa de Obras Sanitarias de Caldas - Empocaldas S.A E.S.P,2020,DICIEMBRE,SAMANA,17053,14354
890.803.239-9,Empresa de Obras Sanitarias de Caldas - Empocaldas S.A E.S.P,2020,DICIEMBRE,SAN JOSE,6404,3564
890.803.239-9,Empresa de Obras Sanitarias de Caldas - Empocaldas S.A E.S.P,2020,DICIEMBRE,SUPIA,67565,55726
890.803.239-9,Empresa de Obras Sanitarias de Caldas - Empocaldas S.A E.S.P,2020,DICIEMBRE,VICTORIA,12791,11071
890.803.239-9,Empresa de Obras Sanitarias de Caldas - Empocaldas S.A E.S.P,2020,DICIEMBRE,VITERBO,56064,47681
890.803.239-9,Empresa de Obras Sanitarias de Caldas - Empocaldas S.A E.S.P,2021,ENERO,AGUADAS,44543,40861
890.803.239-9,Empresa de Obras Sanitarias de Caldas - Empocaldas S.A E.S.P,2021,ENERO,ANSERMA,69828,67237
890.803.239-9,Empresa de Obras Sanitarias de Caldas - Empocaldas S.A E.S.P,2021,ENERO,ARAUCA,19904,17178
890.803.239-9,Empresa de Obras Sanitarias de Caldas - Empocaldas S.A E.S.P,2021,ENERO,ARMA,6824,4776
890.803.239-9,Empresa de Obras Sanitarias de Caldas - Empocaldas S.A E.S.P,2021,ENERO,BELALCAZAR,20335,15052
890.803.239-9,Empresa de Obras Sanitarias de Caldas - Empocaldas S.A E.S.P,2021,ENERO,CHINCHINA,324809,310206
890.803.239-9,Empresa de Obras Sanitarias de Caldas - Empocaldas S.A E.S.P,2021,ENERO,FILADELFIA,14900,13880
890.803.239-9,Empresa de Obras Sanitarias de Caldas - Empocaldas S.A E.S.P,2021,ENERO,GUARINOCITO,22136,0
890.803.239-9,Empresa de Obras Sanitarias de Caldas - Empocaldas S.A E.S.P,2021,ENERO,KILOMETRO 41,8500,3399
890.803.239-9,Empresa de Obras Sanitarias de Caldas - Empocaldas S.A E.S.P,2021,ENERO,LA DORADA,396026,323654
890.803.239-9,Empresa de Obras Sanitarias de Caldas - Empocaldas S.A E.S.P,2021,ENERO,MANZANARES,24221,19802
890.803.239-9,Empresa de Obras Sanitarias de Caldas - Empocaldas S.A E.S.P,2021,ENERO,MARMATO,20951,10418
890.803.239-9,Empresa de Obras Sanitarias de Caldas - Empocaldas S.A E.S.P,2021,ENERO,MARQUETALIA,22229,18747
890.803.239-9,Empresa de Obras Sanitarias de Caldas - Empocaldas S.A E.S.P,2021,ENERO,MARULANDA,2336,2267
890.803.239-9,Empresa de Obras Sanitarias de Caldas - Empocaldas S.A E.S.P,2021,ENERO,NEIRA,44949,42238
890.803.239-9,Empresa de Obras Sanitarias de Caldas - Empocaldas S.A E.S.P,2021,ENERO,PALESTINA,19150,15727
890.803.239-9,Empresa de Obras Sanitarias de Caldas - Empocaldas S.A E.S.P,2021,ENERO,RIOSUCIO,65559,60207
890.803.239-9,Empresa de Obras Sanitarias de Caldas - Empocaldas S.A E.S.P,2021,ENERO,RISARALDA,20304,13797
890.803.239-9,Empresa de Obras Sanitarias de Caldas - Empocaldas S.A E.S.P,2021,ENERO,SALAMINA,36063,35136
890.803.239-9,Empresa de Obras Sanitarias de Caldas - Empocaldas S.A E.S.P,2021,ENERO,SAMANA,21205,17843
890.803.239-9,Empresa de Obras Sanitarias de Caldas - Empocaldas S.A E.S.P,2021,ENERO,SAN JOSE,6598,3714
890.803.239-9,Empresa de Obras Sanitarias de Caldas - Empocaldas S.A E.S.P,2021,ENERO,SUPIA,81103,67025
890.803.239-9,Empresa de Obras Sanitarias de Caldas - Empocaldas S.A E.S.P,2021,ENERO,VICTORIA,16857,14425
890.803.239-9,Empresa de Obras Sanitarias de Caldas - Empocaldas S.A E.S.P,2021,ENERO,VITERBO,61205,50554
890.803.239-9,Empresa de Obras Sanitarias de Caldas - Empocaldas S.A E.S.P,2021,FEBRERO,AGUADAS,45702,43370
890.803.239-9,Empresa de Obras Sanitarias de Caldas - Empocaldas S.A E.S.P,2021,FEBRERO,ANSERMA,66548,64463
890.803.239-9,Empresa de Obras Sanitarias de Caldas - Empocaldas S.A E.S.P,2021,FEBRERO,ARAUCA,20153,17777
890.803.239-9,Empresa de Obras Sanitarias de Caldas - Empocaldas S.A E.S.P,2021,FEBRERO,ARMA,6396,4554
890.803.239-9,Empresa de Obras Sanitarias de Caldas - Empocaldas S.A E.S.P,2021,FEBRERO,BELALCAZAR,17509,12942
890.803.239-9,Empresa de Obras Sanitarias de Caldas - Empocaldas S.A E.S.P,2021,FEBRERO,CHINCHINA,326865,311949
890.803.239-9,Empresa de Obras Sanitarias de Caldas - Empocaldas S.A E.S.P,2021,FEBRERO,FILADELFIA,13099,12281
890.803.239-9,Empresa de Obras Sanitarias de Caldas - Empocaldas S.A E.S.P,2021,FEBRERO,GUARINOCITO,19455,0
890.803.239-9,Empresa de Obras Sanitarias de Caldas - Empocaldas S.A E.S.P,2021,FEBRERO,KILOMETRO 41,8466,3499
890.803.239-9,Empresa de Obras Sanitarias de Caldas - Empocaldas S.A E.S.P,2021,FEBRERO,LA DORADA,376528,303827
890.803.239-9,Empresa de Obras Sanitarias de Caldas - Empocaldas S.A E.S.P,2021,FEBRERO,MANZANARES,20677,16998
890.803.239-9,Empresa de Obras Sanitarias de Caldas - Empocaldas S.A E.S.P,2021,FEBRERO,MARMATO,22877,11633
890.803.239-9,Empresa de Obras Sanitarias de Caldas - Empocaldas S.A E.S.P,2021,FEBRERO,MARQUETALIA,20376,17044
890.803.239-9,Empresa de Obras Sanitarias de Caldas - Empocaldas S.A E.S.P,2021,FEBRERO,MARULANDA,2128,2046
890.803.239-9,Empresa de Obras Sanitarias de Caldas - Empocaldas S.A E.S.P,2021,FEBRERO,NEIRA,42510,40146
890.803.239-9,Empresa de Obras Sanitarias de Caldas - Empocaldas S.A E.S.P,2021,FEBRERO,PALESTINA,20159,16727
890.803.239-9,Empresa de Obras Sanitarias de Caldas - Empocaldas S.A E.S.P,2021,FEBRERO,RIOSUCIO,70477,65042
890.803.239-9,Empresa de Obras Sanitarias de Caldas - Empocaldas S.A E.S.P,2021,FEBRERO,RISARALDA,19158,13063
890.803.239-9,Empresa de Obras Sanitarias de Caldas - Empocaldas S.A E.S.P,2021,FEBRERO,SALAMINA,33343,32640
890.803.239-9,Empresa de Obras Sanitarias de Caldas - Empocaldas S.A E.S.P,2021,FEBRERO,SAMANA,19500,16384
890.803.239-9,Empresa de Obras Sanitarias de Caldas - Empocaldas S.A E.S.P,2021,FEBRERO,SAN JOSE,6692,3615
890.803.239-9,Empresa de Obras Sanitarias de Caldas - Empocaldas S.A E.S.P,2021,FEBRERO,SUPIA,78114,62448
890.803.239-9,Empresa de Obras Sanitarias de Caldas - Empocaldas S.A E.S.P,2021,FEBRERO,VICTORIA,14479,12575
890.803.239-9,Empresa de Obras Sanitarias de Caldas - Empocaldas S.A E.S.P,2021,FEBRERO,VITERBO,59972,49800
890.803.239-9,Empresa de Obras Sanitarias de Caldas - Empocaldas S.A E.S.P,2021,MARZO,AGUADAS,42113,39622
890.803.239-9,Empresa de Obras Sanitarias de Caldas - Empocaldas S.A E.S.P,2021,MARZO,ANSERMA,59138,57094
890.803.239-9,Empresa de Obras Sanitarias de Caldas - Empocaldas S.A E.S.P,2021,MARZO,ARAUCA,18047,15577
890.803.239-9,Empresa de Obras Sanitarias de Caldas - Empocaldas S.A E.S.P,2021,MARZO,ARMA,5722,3954
890.803.239-9,Empresa de Obras Sanitarias de Caldas - Empocaldas S.A E.S.P,2021,MARZO,BELALCAZAR,16403,12159
890.803.239-9,Empresa de Obras Sanitarias de Caldas - Empocaldas S.A E.S.P,2021,MARZO,CHINCHINA,282065,269698
890.803.239-9,Empresa de Obras Sanitarias de Caldas - Empocaldas S.A E.S.P,2021,MARZO,FILADELFIA,11827,10998
890.803.239-9,Empresa de Obras Sanitarias de Caldas - Empocaldas S.A E.S.P,2021,MARZO,GUARINOCITO,18031,0
890.803.239-9,Empresa de Obras Sanitarias de Caldas - Empocaldas S.A E.S.P,2021,MARZO,KILOMETRO 41,7146,3153
890.803.239-9,Empresa de Obras Sanitarias de Caldas - Empocaldas S.A E.S.P,2021,MARZO,LA DORADA,390482,306477
890.803.239-9,Empresa de Obras Sanitarias de Caldas - Empocaldas S.A E.S.P,2021,MARZO,MANZANARES,19934,16261
890.803.239-9,Empresa de Obras Sanitarias de Caldas - Empocaldas S.A E.S.P,2021,MARZO,MARMATO,21356,15167
890.803.239-9,Empresa de Obras Sanitarias de Caldas - Empocaldas S.A E.S.P,2021,MARZO,MARQUETALIA,20986,17556
890.803.239-9,Empresa de Obras Sanitarias de Caldas - Empocaldas S.A E.S.P,2021,MARZO,MARULANDA,2060,2005
890.803.239-9,Empresa de Obras Sanitarias de Caldas - Empocaldas S.A E.S.P,2021,MARZO,NEIRA,37605,35505
890.803.239-9,Empresa de Obras Sanitarias de Caldas - Empocaldas S.A E.S.P,2021,MARZO,PALESTINA,17471,14466
890.803.239-9,Empresa de Obras Sanitarias de Caldas - Empocaldas S.A E.S.P,2021,MARZO,RIOSUCIO,61790,57119
890.803.239-9,Empresa de Obras Sanitarias de Caldas - Empocaldas S.A E.S.P,2021,MARZO,RISARALDA,15567,11600
890.803.239-9,Empresa de Obras Sanitarias de Caldas - Empocaldas S.A E.S.P,2021,MARZO,SALAMINA,30150,29331
890.803.239-9,Empresa de Obras Sanitarias de Caldas - Empocaldas S.A E.S.P,2021,MARZO,SAMANA,18694,15726
890.803.239-9,Empresa de Obras Sanitarias de Caldas - Empocaldas S.A E.S.P,2021,MARZO,SAN JOSE,5762,3375
890.803.239-9,Empresa de Obras Sanitarias de Caldas - Empocaldas S.A E.S.P,2021,MARZO,SUPIA,74214,64586
890.803.239-9,Empresa de Obras Sanitarias de Caldas - Empocaldas S.A E.S.P,2021,MARZO,VICTORIA,14575,12435
890.803.239-9,Empresa de Obras Sanitarias de Caldas - Empocaldas S.A E.S.P,2021,MARZO,VITERBO,55704,34626
890.803.239-9,Empresa de Obras Sanitarias de Caldas - Empocaldas S.A E.S.P,2021,ABRIL,AGUADAS,45903,43167
890.803.239-9,Empresa de Obras Sanitarias de Caldas - Empocaldas S.A E.S.P,2021,ABRIL,ANSERMA,64374,62421
890.803.239-9,Empresa de Obras Sanitarias de Caldas - Empocaldas S.A E.S.P,2021,ABRIL,ARAUCA,19215,16522
890.803.239-9,Empresa de Obras Sanitarias de Caldas - Empocaldas S.A E.S.P,2021,ABRIL,ARMA,6093,4302
890.803.239-9,Empresa de Obras Sanitarias de Caldas - Empocaldas S.A E.S.P,2021,ABRIL,BELALCAZAR,17204,12625
890.803.239-9,Empresa de Obras Sanitarias de Caldas - Empocaldas S.A E.S.P,2021,ABRIL,CHINCHINA,303894,293096
890.803.239-9,Empresa de Obras Sanitarias de Caldas - Empocaldas S.A E.S.P,2021,ABRIL,FILADELFIA,14213,13162
890.803.239-9,Empresa de Obras Sanitarias de Caldas - Empocaldas S.A E.S.P,2021,ABRIL,GUARINOCITO,21113,0
890.803.239-9,Empresa de Obras Sanitarias de Caldas - Empocaldas S.A E.S.P,2021,ABRIL,KILOMETRO 41,7786,3268
890.803.239-9,Empresa de Obras Sanitarias de Caldas - Empocaldas S.A E.S.P,2021,ABRIL,LA DORADA,389238,305504
890.803.239-9,Empresa de Obras Sanitarias de Caldas - Empocaldas S.A E.S.P,2021,ABRIL,MANZANARES,22586,16940
890.803.239-9,Empresa de Obras Sanitarias de Caldas - Empocaldas S.A E.S.P,2021,ABRIL,MARMATO,23364,16791
890.803.239-9,Empresa de Obras Sanitarias de Caldas - Empocaldas S.A E.S.P,2021,ABRIL,MARQUETALIA,22549,18884
890.803.239-9,Empresa de Obras Sanitarias de Caldas - Empocaldas S.A E.S.P,2021,ABRIL,MARULANDA,2147,2084
890.803.239-9,Empresa de Obras Sanitarias de Caldas - Empocaldas S.A E.S.P,2021,ABRIL,NEIRA,39757,41001
890.803.239-9,Empresa de Obras Sanitarias de Caldas - Empocaldas S.A E.S.P,2021,ABRIL,PALESTINA,18954,15434
890.803.239-9,Empresa de Obras Sanitarias de Caldas - Empocaldas S.A E.S.P,2021,ABRIL,RIOSUCIO,57576,52950
890.803.239-9,Empresa de Obras Sanitarias de Caldas - Empocaldas S.A E.S.P,2021,ABRIL,RISARALDA,17283,12324
890.803.239-9,Empresa de Obras Sanitarias de Caldas - Empocaldas S.A E.S.P,2021,ABRIL,SALAMINA,35501,34531
890.803.239-9,Empresa de Obras Sanitarias de Caldas - Empocaldas S.A E.S.P,2021,ABRIL,SAMANA,17629,14616
890.803.239-9,Empresa de Obras Sanitarias de Caldas - Empocaldas S.A E.S.P,2021,ABRIL,SAN JOSE,5658,3427
890.803.239-9,Empresa de Obras Sanitarias de Caldas - Empocaldas S.A E.S.P,2021,ABRIL,SUPIA,76400,62697
890.803.239-9,Empresa de Obras Sanitarias de Caldas - Empocaldas S.A E.S.P,2021,ABRIL,VICTORIA,14795,12466
890.803.239-9,Empresa de Obras Sanitarias de Caldas - Empocaldas S.A E.S.P,2021,ABRIL,VITERBO,56688,47262
890.803.239-9,Empresa de Obras Sanitarias de Caldas - Empocaldas S.A E.S.P,2021,MAYO,AGUADAS,43833,41001
890.803.239-9,Empresa de Obras Sanitarias de Caldas - Empocaldas S.A E.S.P,2021,MAYO,ANSERMA,66248,64104
890.803.239-9,Empresa de Obras Sanitarias de Caldas - Empocaldas S.A E.S.P,2021,MAYO,ARAUCA,19905,17363
890.803.239-9,Empresa de Obras Sanitarias de Caldas - Empocaldas S.A E.S.P,2021,MAYO,ARMA,5807,4113
890.803.239-9,Empresa de Obras Sanitarias de Caldas - Empocaldas S.A E.S.P,2021,MAYO,BELALCAZAR,18401,13885
890.803.239-9,Empresa de Obras Sanitarias de Caldas - Empocaldas S.A E.S.P,2021,MAYO,CHINCHINA,314203,303245
890.803.239-9,Empresa de Obras Sanitarias de Caldas - Empocaldas S.A E.S.P,2021,MAYO,FILADELFIA,12598,11848
890.803.239-9,Empresa de Obras Sanitarias de Caldas - Empocaldas S.A E.S.P,2021,MAYO,GUARINOCITO,18691,0
890.803.239-9,Empresa de Obras Sanitarias de Caldas - Empocaldas S.A E.S.P,2021,MAYO,KILOMETRO 41,7606,3265
890.803.239-9,Empresa de Obras Sanitarias de Caldas - Empocaldas S.A E.S.P,2021,MAYO,LA DORADA,389010,311383
890.803.239-9,Empresa de Obras Sanitarias de Caldas - Empocaldas S.A E.S.P,2021,MAYO,MANZANARES,22758,18267
890.803.239-9,Empresa de Obras Sanitarias de Caldas - Empocaldas S.A E.S.P,2021,MAYO,MARMATO,24853,12292
890.803.239-9,Empresa de Obras Sanitarias de Caldas - Empocaldas S.A E.S.P,2021,MAYO,MARQUETALIA,19094,16074
890.803.239-9,Empresa de Obras Sanitarias de Caldas - Empocaldas S.A E.S.P,2021,MAYO,MARULANDA,1913,1819
890.803.239-9,Empresa de Obras Sanitarias de Caldas - Empocaldas S.A E.S.P,2021,MAYO,NEIRA,47015,44824
890.803.239-9,Empresa de Obras Sanitarias de Caldas - Empocaldas S.A E.S.P,2021,MAYO,PALESTINA,18502,15355
890.803.239-9,Empresa de Obras Sanitarias de Caldas - Empocaldas S.A E.S.P,2021,MAYO,RIOSUCIO,61079,56362
890.803.239-9,Empresa de Obras Sanitarias de Caldas - Empocaldas S.A E.S.P,2021,MAYO,RISARALDA,18440,14053
890.803.239-9,Empresa de Obras Sanitarias de Caldas - Empocaldas S.A E.S.P,2021,MAYO,SALAMINA,33412,32654
890.803.239-9,Empresa de Obras Sanitarias de Caldas - Empocaldas S.A E.S.P,2021,MAYO,SAMANA,20156,16755
890.803.239-9,Empresa de Obras Sanitarias de Caldas - Empocaldas S.A E.S.P,2021,MAYO,SAN JOSE,5817,3483
890.803.239-9,Empresa de Obras Sanitarias de Caldas - Empocaldas S.A E.S.P,2021,MAYO,SUPIA,67404,56265
890.803.239-9,Empresa de Obras Sanitarias de Caldas - Empocaldas S.A E.S.P,2021,MAYO,VICTORIA,14685,12467
890.803.239-9,Empresa de Obras Sanitarias de Caldas - Empocaldas S.A E.S.P,2021,MAYO,VITERBO,59128,50772
890.803.239-9,Empresa de Obras Sanitarias de Caldas - Empocaldas S.A E.S.P,2021,JUNIO,AGUADAS,46742,44157
890.803.239-9,Empresa de Obras Sanitarias de Caldas - Empocaldas S.A E.S.P,2021,JUNIO,ANSERMA,66184,63793
890.803.239-9,Empresa de Obras Sanitarias de Caldas - Empocaldas S.A E.S.P,2021,JUNIO,ARAUCA,19421,16668
890.803.239-9,Empresa de Obras Sanitarias de Caldas - Empocaldas S.A E.S.P,2021,JUNIO,ARMA,5855,4193
890.803.239-9,Empresa de Obras Sanitarias de Caldas - Empocaldas S.A E.S.P,2021,JUNIO,BELALCAZAR,17810,13460
890.803.239-9,Empresa de Obras Sanitarias de Caldas - Empocaldas S.A E.S.P,2021,JUNIO,CHINCHINA,284829,273438
890.803.239-9,Empresa de Obras Sanitarias de Caldas - Empocaldas S.A E.S.P,2021,JUNIO,FILADELFIA,13057,12159
890.803.239-9,Empresa de Obras Sanitarias de Caldas - Empocaldas S.A E.S.P,2021,JUNIO,GUARINOCITO,20309,0
890.803.239-9,Empresa de Obras Sanitarias de Caldas - Empocaldas S.A E.S.P,2021,JUNIO,KILOMETRO 41,7516,3154
890.803.239-9,Empresa de Obras Sanitarias de Caldas - Empocaldas S.A E.S.P,2021,JUNIO,LA DORADA,392350,310549
890.803.239-9,Empresa de Obras Sanitarias de Caldas - Empocaldas S.A E.S.P,2021,JUNIO,MANZANARES,22539,18132
890.803.239-9,Empresa de Obras Sanitarias de Caldas - Empocaldas S.A E.S.P,2021,JUNIO,MARMATO,23069,11530
890.803.239-9,Empresa de Obras Sanitarias de Caldas - Empocaldas S.A E.S.P,2021,JUNIO,MARQUETALIA,23848,20004
890.803.239-9,Empresa de Obras Sanitarias de Caldas - Empocaldas S.A E.S.P,2021,JUNIO,MARULANDA,1935,1868
890.803.239-9,Empresa de Obras Sanitarias de Caldas - Empocaldas S.A E.S.P,2021,JUNIO,NEIRA,38062,35740
890.803.239-9,Empresa de Obras Sanitarias de Caldas - Empocaldas S.A E.S.P,2021,JUNIO,PALESTINA,18270,15402
890.803.239-9,Empresa de Obras Sanitarias de Caldas - Empocaldas S.A E.S.P,2021,JUNIO,RIOSUCIO,62833,57924
890.803.239-9,Empresa de Obras Sanitarias de Caldas - Empocaldas S.A E.S.P,2021,JUNIO,RISARALDA,18213,13235
890.803.239-9,Empresa de Obras Sanitarias de Caldas - Empocaldas S.A E.S.P,2021,JUNIO,SALAMINA,34718,33887
890.803.239-9,Empresa de Obras Sanitarias de Caldas - Empocaldas S.A E.S.P,2021,JUNIO,SAMANA,19589,16726
890.803.239-9,Empresa de Obras Sanitarias de Caldas - Empocaldas S.A E.S.P,2021,JUNIO,SAN JOSE,5597,3483
890.803.239-9,Empresa de Obras Sanitarias de Caldas - Empocaldas S.A E.S.P,2021,JUNIO,SUPIA,77883,64731
890.803.239-9,Empresa de Obras Sanitarias de Caldas - Empocaldas S.A E.S.P,2021,JUNIO,VICTORIA,15062,12862
890.803.239-9,Empresa de Obras Sanitarias de Caldas - Empocaldas S.A E.S.P,2021,JUNIO,VITERBO,58195,49546
890.803.239-9,Empresa de Obras Sanitarias de Caldas - Empocaldas S.A E.S.P,2021,JULIO,AGUADAS,44661,41726
890.803.239-9,Empresa de Obras Sanitarias de Caldas - Empocaldas S.A E.S.P,2021,JULIO,ANSERMA,67814,64972
890.803.239-9,Empresa de Obras Sanitarias de Caldas - Empocaldas S.A E.S.P,2021,JULIO,ARAUCA,19072,16727
890.803.239-9,Empresa de Obras Sanitarias de Caldas - Empocaldas S.A E.S.P,2021,JULIO,ARMA,5205,3909
890.803.239-9,Empresa de Obras Sanitarias de Caldas - Empocaldas S.A E.S.P,2021,JULIO,BELALCAZAR,18025,13568
890.803.239-9,Empresa de Obras Sanitarias de Caldas - Empocaldas S.A E.S.P,2021,JULIO,CHINCHINA,317572,305822
890.803.239-9,Empresa de Obras Sanitarias de Caldas - Empocaldas S.A E.S.P,2021,JULIO,FILADELFIA,13452,12495
890.803.239-9,Empresa de Obras Sanitarias de Caldas - Empocaldas S.A E.S.P,2021,JULIO,GUARINOCITO,20940,0
890.803.239-9,Empresa de Obras Sanitarias de Caldas - Empocaldas S.A E.S.P,2021,JULIO,KILOMETRO 41,7982,3161
890.803.239-9,Empresa de Obras Sanitarias de Caldas - Empocaldas S.A E.S.P,2021,JULIO,LA DORADA,407354,314476
890.803.239-9,Empresa de Obras Sanitarias de Caldas - Empocaldas S.A E.S.P,2021,JULIO,MANZANARES,22006,17658
890.803.239-9,Empresa de Obras Sanitarias de Caldas - Empocaldas S.A E.S.P,2021,JULIO,MARMATO,24245,12337
890.803.239-9,Empresa de Obras Sanitarias de Caldas - Empocaldas S.A E.S.P,2021,JULIO,MARQUETALIA,22194,18452
890.803.239-9,Empresa de Obras Sanitarias de Caldas - Empocaldas S.A E.S.P,2021,JULIO,MARULANDA,2129,2057
890.803.239-9,Empresa de Obras Sanitarias de Caldas - Empocaldas S.A E.S.P,2021,JULIO,NEIRA,42150,39671
890.803.239-9,Empresa de Obras Sanitarias de Caldas - Empocaldas S.A E.S.P,2021,JULIO,PALESTINA,20021,16518
890.803.239-9,Empresa de Obras Sanitarias de Caldas - Empocaldas S.A E.S.P,2021,JULIO,RIOSUCIO,67931,62831
890.803.239-9,Empresa de Obras Sanitarias de Caldas - Empocaldas S.A E.S.P,2021,JULIO,RISARALDA,18318,13121
890.803.239-9,Empresa de Obras Sanitarias de Caldas - Empocaldas S.A E.S.P,2021,JULIO,SALAMINA,34047,33245
890.803.239-9,Empresa de Obras Sanitarias de Caldas - Empocaldas S.A E.S.P,2021,JULIO,SAMANA,21081,17992
890.803.239-9,Empresa de Obras Sanitarias de Caldas - Empocaldas S.A E.S.P,2021,JULIO,SAN JOSE,5979,3789
890.803.239-9,Empresa de Obras Sanitarias de Caldas - Empocaldas S.A E.S.P,2021,JULIO,SUPIA,76796,63715
890.803.239-9,Empresa de Obras Sanitarias de Caldas - Empocaldas S.A E.S.P,2021,JULIO,VICTORIA,14790,12927
890.803.239-9,Empresa de Obras Sanitarias de Caldas - Empocaldas S.A E.S.P,2021,JULIO,VITERBO,62404,52514
890.803.239-9,Empresa de Obras Sanitarias de Caldas - Empocaldas S.A E.S.P,2021,AGOSTO,AGUADAS,45056,42713
890.803.239-9,Empresa de Obras Sanitarias de Caldas - Empocaldas S.A E.S.P,2021,AGOSTO,ANSERMA,69428,66935
890.803.239-9,Empresa de Obras Sanitarias de Caldas - Empocaldas S.A E.S.P,2021,AGOSTO,ARAUCA,20511,17845
890.803.239-9,Empresa de Obras Sanitarias de Caldas - Empocaldas S.A E.S.P,2021,AGOSTO,ARMA,6110,4416
890.803.239-9,Empresa de Obras Sanitarias de Caldas - Empocaldas S.A E.S.P,2021,AGOSTO,BELALCAZAR,17992,13065
890.803.239-9,Empresa de Obras Sanitarias de Caldas - Empocaldas S.A E.S.P,2021,AGOSTO,CHINCHINA,314931,303753
890.803.239-9,Empresa de Obras Sanitarias de Caldas - Empocaldas S.A E.S.P,2021,AGOSTO,FILADELFIA,14101,13202
890.803.239-9,Empresa de Obras Sanitarias de Caldas - Empocaldas S.A E.S.P,2021,AGOSTO,GUARINOCITO,21424,0
890.803.239-9,Empresa de Obras Sanitarias de Caldas - Empocaldas S.A E.S.P,2021,AGOSTO,KILOMETRO 41,8428,3261
890.803.239-9,Empresa de Obras Sanitarias de Caldas - Empocaldas S.A E.S.P,2021,AGOSTO,LA DORADA,401790,326729
890.803.239-9,Empresa de Obras Sanitarias de Caldas - Empocaldas S.A E.S.P,2021,AGOSTO,MANZANARES,23374,17702
890.803.239-9,Empresa de Obras Sanitarias de Caldas - Empocaldas S.A E.S.P,2021,AGOSTO,MARMATO,25765,13535
890.803.239-9,Empresa de Obras Sanitarias de Caldas - Empocaldas S.A E.S.P,2021,AGOSTO,MARQUETALIA,21087,17723
890.803.239-9,Empresa de Obras Sanitarias de Caldas - Empocaldas S.A E.S.P,2021,AGOSTO,MARULANDA,2124,2057
890.803.239-9,Empresa de Obras Sanitarias de Caldas - Empocaldas S.A E.S.P,2021,AGOSTO,NEIRA,42939,40350
890.803.239-9,Empresa de Obras Sanitarias de Caldas - Empocaldas S.A E.S.P,2021,AGOSTO,PALESTINA,19000,15855
890.803.239-9,Empresa de Obras Sanitarias de Caldas - Empocaldas S.A E.S.P,2021,AGOSTO,RIOSUCIO,66477,61612
890.803.239-9,Empresa de Obras Sanitarias de Caldas - Empocaldas S.A E.S.P,2021,AGOSTO,RISARALDA,18473,13163
890.803.239-9,Empresa de Obras Sanitarias de Caldas - Empocaldas S.A E.S.P,2021,AGOSTO,SALAMINA,33999,33184
890.803.239-9,Empresa de Obras Sanitarias de Caldas - Empocaldas S.A E.S.P,2021,AGOSTO,SAMANA,19607,16756
890.803.239-9,Empresa de Obras Sanitarias de Caldas - Empocaldas S.A E.S.P,2021,AGOSTO,SAN JOSE,5943,3578
890.803.239-9,Empresa de Obras Sanitarias de Caldas - Empocaldas S.A E.S.P,2021,AGOSTO,SUPIA,71287,58801
890.803.239-9,Empresa de Obras Sanitarias de Caldas - Empocaldas S.A E.S.P,2021,AGOSTO,VICTORIA,15714,13006
890.803.239-9,Empresa de Obras Sanitarias de Caldas - Empocaldas S.A E.S.P,2021,AGOSTO,VITERBO,58654,49510
890.803.239-9,Empresa de Obras Sanitarias de Caldas - Empocaldas S.A E.S.P,2021,SEPTIEMBRE,AGUADAS,44455,41568
890.803.239-9,Empresa de Obras Sanitarias de Caldas - Empocaldas S.A E.S.P,2021,SEPTIEMBRE,ANSERMA,68760,65977
890.803.239-9,Empresa de Obras Sanitarias de Caldas - Empocaldas S.A E.S.P,2021,SEPTIEMBRE,ARAUCA,19538,17192
890.803.239-9,Empresa de Obras Sanitarias de Caldas - Empocaldas S.A E.S.P,2021,SEPTIEMBRE,ARMA,5484,4169
890.803.239-9,Empresa de Obras Sanitarias de Caldas - Empocaldas S.A E.S.P,2021,SEPTIEMBRE,BELALCAZAR,17306,12820
890.803.239-9,Empresa de Obras Sanitarias de Caldas - Empocaldas S.A E.S.P,2021,SEPTIEMBRE,CHINCHINA,298168,288441
890.803.239-9,Empresa de Obras Sanitarias de Caldas - Empocaldas S.A E.S.P,2021,SEPTIEMBRE,FILADELFIA,13526,12625
890.803.239-9,Empresa de Obras Sanitarias de Caldas - Empocaldas S.A E.S.P,2021,SEPTIEMBRE,GUARINOCITO,19938,0
890.803.239-9,Empresa de Obras Sanitarias de Caldas - Empocaldas S.A E.S.P,2021,SEPTIEMBRE,KILOMETRO 41,7784,3276
890.803.239-9,Empresa de Obras Sanitarias de Caldas - Empocaldas S.A E.S.P,2021,SEPTIEMBRE,LA DORADA,407545,307648
890.803.239-9,Empresa de Obras Sanitarias de Caldas - Empocaldas S.A E.S.P,2021,SEPTIEMBRE,MANZANARES,23316,18814
890.803.239-9,Empresa de Obras Sanitarias de Caldas - Empocaldas S.A E.S.P,2021,SEPTIEMBRE,MARMATO,24856,12591
890.803.239-9,Empresa de Obras Sanitarias de Caldas - Empocaldas S.A E.S.P,2021,SEPTIEMBRE,MARQUETALIA,23336,19585
890.803.239-9,Empresa de Obras Sanitarias de Caldas - Empocaldas S.A E.S.P,2021,SEPTIEMBRE,MARULANDA,1979,1921
890.803.239-9,Empresa de Obras Sanitarias de Caldas - Empocaldas S.A E.S.P,2021,SEPTIEMBRE,NEIRA,41793,39396
890.803.239-9,Empresa de Obras Sanitarias de Caldas - Empocaldas S.A E.S.P,2021,SEPTIEMBRE,PALESTINA,19350,16008
890.803.239-9,Empresa de Obras Sanitarias de Caldas - Empocaldas S.A E.S.P,2021,SEPTIEMBRE,RIOSUCIO,68990,63919
890.803.239-9,Empresa de Obras Sanitarias de Caldas - Empocaldas S.A E.S.P,2021,SEPTIEMBRE,RISARALDA,19242,13335
890.803.239-9,Empresa de Obras Sanitarias de Caldas - Empocaldas S.A E.S.P,2021,SEPTIEMBRE,SALAMINA,33356,32431
890.803.239-9,Empresa de Obras Sanitarias de Caldas - Empocaldas S.A E.S.P,2021,SEPTIEMBRE,SAMANA,22067,18983
890.803.239-9,Empresa de Obras Sanitarias de Caldas - Empocaldas S.A E.S.P,2021,SEPTIEMBRE,SAN JOSE,6629,3859
890.803.239-9,Empresa de Obras Sanitarias de Caldas - Empocaldas S.A E.S.P,2021,SEPTIEMBRE,SUPIA,76504,63133
890.803.239-9,Empresa de Obras Sanitarias de Caldas - Empocaldas S.A E.S.P,2021,SEPTIEMBRE,VICTORIA,14712,12650
890.803.239-9,Empresa de Obras Sanitarias de Caldas - Empocaldas S.A E.S.P,2021,SEPTIEMBRE,VITERBO,59932,50482
890.803.239-9,Empresa de Obras Sanitarias de Caldas - Empocaldas S.A E.S.P,2021,OCTUBRE,AGUADAS,40177,38070
890.803.239-9,Empresa de Obras Sanitarias de Caldas - Empocaldas S.A E.S.P,2021,OCTUBRE,ANSERMA,64976,62582
890.803.239-9,Empresa de Obras Sanitarias de Caldas - Empocaldas S.A E.S.P,2021,OCTUBRE,ARAUCA,19297,16927
890.803.239-9,Empresa de Obras Sanitarias de Caldas - Empocaldas S.A E.S.P,2021,OCTUBRE,ARMA,5292,3969
890.803.239-9,Empresa de Obras Sanitarias de Caldas - Empocaldas S.A E.S.P,2021,OCTUBRE,BELALCAZAR,18167,13308
890.803.239-9,Empresa de Obras Sanitarias de Caldas - Empocaldas S.A E.S.P,2021,OCTUBRE,CHINCHINA,295674,284655
890.803.239-9,Empresa de Obras Sanitarias de Caldas - Empocaldas S.A E.S.P,2021,OCTUBRE,FILADELFIA,13112,12215
890.803.239-9,Empresa de Obras Sanitarias de Caldas - Empocaldas S.A E.S.P,2021,OCTUBRE,GUARINOCITO,18457,0
890.803.239-9,Empresa de Obras Sanitarias de Caldas - Empocaldas S.A E.S.P,2021,OCTUBRE,KILOMETRO 41,7311,3143
890.803.239-9,Empresa de Obras Sanitarias de Caldas - Empocaldas S.A E.S.P,2021,OCTUBRE,LA DORADA,385292,299205
890.803.239-9,Empresa de Obras Sanitarias de Caldas - Empocaldas S.A E.S.P,2021,OCTUBRE,MANZANARES,22379,17890
890.803.239-9,Empresa de Obras Sanitarias de Caldas - Empocaldas S.A E.S.P,2021,OCTUBRE,MARMATO,23788,12234
890.803.239-9,Empresa de Obras Sanitarias de Caldas - Empocaldas S.A E.S.P,2021,OCTUBRE,MARQUETALIA,21035,17660
890.803.239-9,Empresa de Obras Sanitarias de Caldas - Empocaldas S.A E.S.P,2021,OCTUBRE,MARULANDA,1993,1938
890.803.239-9,Empresa de Obras Sanitarias de Caldas - Empocaldas S.A E.S.P,2021,OCTUBRE,NEIRA,41167,38756
890.803.239-9,Empresa de Obras Sanitarias de Caldas - Empocaldas S.A E.S.P,2021,OCTUBRE,PALESTINA,19770,16451
890.803.239-9,Empresa de Obras Sanitarias de Caldas - Empocaldas S.A E.S.P,2021,OCTUBRE,RIOSUCIO,64898,60114
890.803.239-9,Empresa de Obras Sanitarias de Caldas - Empocaldas S.A E.S.P,2021,OCTUBRE,RISARALDA,16927,12448
890.803.239-9,Empresa de Obras Sanitarias de Caldas - Empocaldas S.A E.S.P,2021,OCTUBRE,SALAMINA,32691,31631
890.803.239-9,Empresa de Obras Sanitarias de Caldas - Empocaldas S.A E.S.P,2021,OCTUBRE,SAMANA,19515,16795
890.803.239-9,Empresa de Obras Sanitarias de Caldas - Empocaldas S.A E.S.P,2021,OCTUBRE,SAN JOSE,6099,3632
890.803.239-9,Empresa de Obras Sanitarias de Caldas - Empocaldas S.A E.S.P,2021,OCTUBRE,SUPIA,76111,61339
890.803.239-9,Empresa de Obras Sanitarias de Caldas - Empocaldas S.A E.S.P,2021,OCTUBRE,VICTORIA,13578,11810
890.803.239-9,Empresa de Obras Sanitarias de Caldas - Empocaldas S.A E.S.P,2021,OCTUBRE,VITERBO,56551,48643
890.803.239-9,Empresa de Obras Sanitarias de Caldas - Empocaldas S.A E.S.P,2021,NOVIEMBRE,AGUADAS,46916,43507
890.803.239-9,Empresa de Obras Sanitarias de Caldas - Empocaldas S.A E.S.P,2021,NOVIEMBRE,ANSERMA,65473,63073
890.803.239-9,Empresa de Obras Sanitarias de Caldas - Empocaldas S.A E.S.P,2021,NOVIEMBRE,ARAUCA,19355,16774
890.803.239-9,Empresa de Obras Sanitarias de Caldas - Empocaldas S.A E.S.P,2021,NOVIEMBRE,ARMA,6136,4317
890.803.239-9,Empresa de Obras Sanitarias de Caldas - Empocaldas S.A E.S.P,2021,NOVIEMBRE,BELALCAZAR,19624,14505
890.803.239-9,Empresa de Obras Sanitarias de Caldas - Empocaldas S.A E.S.P,2021,NOVIEMBRE,CHINCHINA,286942,275000
890.803.239-9,Empresa de Obras Sanitarias de Caldas - Empocaldas S.A E.S.P,2021,NOVIEMBRE,FILADELFIA,13337,12346
890.803.239-9,Empresa de Obras Sanitarias de Caldas - Empocaldas S.A E.S.P,2021,NOVIEMBRE,GUARINOCITO,19545,0
890.803.239-9,Empresa de Obras Sanitarias de Caldas - Empocaldas S.A E.S.P,2021,NOVIEMBRE,KILOMETRO 41,8423,3198
890.803.239-9,Empresa de Obras Sanitarias de Caldas - Empocaldas S.A E.S.P,2021,NOVIEMBRE,LA DORADA,385275,303087
890.803.239-9,Empresa de Obras Sanitarias de Caldas - Empocaldas S.A E.S.P,2021,NOVIEMBRE,MANZANARES,21314,17250
890.803.239-9,Empresa de Obras Sanitarias de Caldas - Empocaldas S.A E.S.P,2021,NOVIEMBRE,MARMATO,24623,12271
890.803.239-9,Empresa de Obras Sanitarias de Caldas - Empocaldas S.A E.S.P,2021,NOVIEMBRE,MARQUETALIA,21032,17809
890.803.239-9,Empresa de Obras Sanitarias de Caldas - Empocaldas S.A E.S.P,2021,NOVIEMBRE,MARULANDA,2116,2058
890.803.239-9,Empresa de Obras Sanitarias de Caldas - Empocaldas S.A E.S.P,2021,NOVIEMBRE,NEIRA,42824,40306
890.803.239-9,Empresa de Obras Sanitarias de Caldas - Empocaldas S.A E.S.P,2021,NOVIEMBRE,PALESTINA,19568,15912
890.803.239-9,Empresa de Obras Sanitarias de Caldas - Empocaldas S.A E.S.P,2021,NOVIEMBRE,RIOSUCIO,63337,58429
890.803.239-9,Empresa de Obras Sanitarias de Caldas - Empocaldas S.A E.S.P,2021,NOVIEMBRE,RISARALDA,17575,13128
890.803.239-9,Empresa de Obras Sanitarias de Caldas - Empocaldas S.A E.S.P,2021,NOVIEMBRE,SALAMINA,32610,31869
890.803.239-9,Empresa de Obras Sanitarias de Caldas - Empocaldas S.A E.S.P,2021,NOVIEMBRE,SAMANA,19662,17075
890.803.239-9,Empresa de Obras Sanitarias de Caldas - Empocaldas S.A E.S.P,2021,NOVIEMBRE,SAN JOSE,7153,3951
890.803.239-9,Empresa de Obras Sanitarias de Caldas - Empocaldas S.A E.S.P,2021,NOVIEMBRE,SUPIA,76874,62518
890.803.239-9,Empresa de Obras Sanitarias de Caldas - Empocaldas S.A E.S.P,2021,NOVIEMBRE,VICTORIA,13630,11775
890.803.239-9,Empresa de Obras Sanitarias de Caldas - Empocaldas S.A E.S.P,2021,NOVIEMBRE,VITERBO,57637,49024
890.803.239-9,Empresa de Obras Sanitarias de Caldas - Empocaldas S.A E.S.P,2021,DICIEMBRE,AGUADAS,43761,40873
890.803.239-9,Empresa de Obras Sanitarias de Caldas - Empocaldas S.A E.S.P,2021,DICIEMBRE,ANSERMA,64442,62325
890.803.239-9,Empresa de Obras Sanitarias de Caldas - Empocaldas S.A E.S.P,2021,DICIEMBRE,ARAUCA,19375,16652
890.803.239-9,Empresa de Obras Sanitarias de Caldas - Empocaldas S.A E.S.P,2021,DICIEMBRE,ARMA,5471,4116
890.803.239-9,Empresa de Obras Sanitarias de Caldas - Empocaldas S.A E.S.P,2021,DICIEMBRE,BELALCAZAR,18041,13441
890.803.239-9,Empresa de Obras Sanitarias de Caldas - Empocaldas S.A E.S.P,2021,DICIEMBRE,CHINCHINA,295270,295270
890.803.239-9,Empresa de Obras Sanitarias de Caldas - Empocaldas S.A E.S.P,2021,DICIEMBRE,FILADELFIA,13582,12551
890.803.239-9,Empresa de Obras Sanitarias de Caldas - Empocaldas S.A E.S.P,2021,DICIEMBRE,GUARINOCITO,19358,116
890.803.239-9,Empresa de Obras Sanitarias de Caldas - Empocaldas S.A E.S.P,2021,DICIEMBRE,KILOMETRO 41,7829,2967
890.803.239-9,Empresa de Obras Sanitarias de Caldas - Empocaldas S.A E.S.P,2021,DICIEMBRE,LA DORADA,377822,295995
890.803.239-9,Empresa de Obras Sanitarias de Caldas - Empocaldas S.A E.S.P,2021,DICIEMBRE,MANZANARES,21587,17391
890.803.239-9,Empresa de Obras Sanitarias de Caldas - Empocaldas S.A E.S.P,2021,DICIEMBRE,MARMATO,23988,11760
890.803.239-9,Empresa de Obras Sanitarias de Caldas - Empocaldas S.A E.S.P,2021,DICIEMBRE,MARQUETALIA,21185,17844
890.803.239-9,Empresa de Obras Sanitarias de Caldas - Empocaldas S.A E.S.P,2021,DICIEMBRE,MARULANDA,2259,2207
890.803.239-9,Empresa de Obras Sanitarias de Caldas - Empocaldas S.A E.S.P,2021,DICIEMBRE,NEIRA,41276,38877
890.803.239-9,Empresa de Obras Sanitarias de Caldas - Empocaldas S.A E.S.P,2021,DICIEMBRE,PALESTINA,19565,15951
890.803.239-9,Empresa de Obras Sanitarias de Caldas - Empocaldas S.A E.S.P,2021,DICIEMBRE,RIOSUCIO,62749,57810
890.803.239-9,Empresa de Obras Sanitarias de Caldas - Empocaldas S.A E.S.P,2021,DICIEMBRE,RISARALDA,17529,13102
890.803.239-9,Empresa de Obras Sanitarias de Caldas - Empocaldas S.A E.S.P,2021,DICIEMBRE,SALAMINA,34658,33801
890.803.239-9,Empresa de Obras Sanitarias de Caldas - Empocaldas S.A E.S.P,2021,DICIEMBRE,SAMANA,18725,16083
890.803.239-9,Empresa de Obras Sanitarias de Caldas - Empocaldas S.A E.S.P,2021,DICIEMBRE,SAN JOSE,6321,3827
890.803.239-9,Empresa de Obras Sanitarias de Caldas - Empocaldas S.A E.S.P,2021,DICIEMBRE,SUPIA,75769,61032
890.803.239-9,Empresa de Obras Sanitarias de Caldas - Empocaldas S.A E.S.P,2021,DICIEMBRE,VICTORIA,14024,12345
890.803.239-9,Empresa de Obras Sanitarias de Caldas - Empocaldas S.A E.S.P,2021,DICIEMBRE,VITERBO,53329,45478
890.803.239-9,Empresa de Obras Sanitarias de Caldas - Empocaldas S.A E.S.P,2022,ENERO,AGUADAS,45851,42961
890.803.239-9,Empresa de Obras Sanitarias de Caldas - Empocaldas S.A E.S.P,2022,ENERO,ANSERMA,65024,63001
890.803.239-9,Empresa de Obras Sanitarias de Caldas - Empocaldas S.A E.S.P,2022,ENERO,ARAUCA,20567,17447
890.803.239-9,Empresa de Obras Sanitarias de Caldas - Empocaldas S.A E.S.P,2022,ENERO,ARMA,6412,4238
890.803.239-9,Empresa de Obras Sanitarias de Caldas - Empocaldas S.A E.S.P,2022,ENERO,BELALCAZAR,20660,14605
890.803.239-9,Empresa de Obras Sanitarias de Caldas - Empocaldas S.A E.S.P,2022,ENERO,CHINCHINA,295158,277244
890.803.239-9,Empresa de Obras Sanitarias de Caldas - Empocaldas S.A E.S.P,2022,ENERO,FILADELFIA,14525,13584
890.803.239-9,Empresa de Obras Sanitarias de Caldas - Empocaldas S.A E.S.P,2022,ENERO,GUARINOCITO,22590,0
890.803.239-9,Empresa de Obras Sanitarias de Caldas - Empocaldas S.A E.S.P,2022,ENERO,KILOMETRO 41,8350,3085
890.803.239-9,Empresa de Obras Sanitarias de Caldas - Empocaldas S.A E.S.P,2022,ENERO,LA DORADA,434791,331427
890.803.239-9,Empresa de Obras Sanitarias de Caldas - Empocaldas S.A E.S.P,2022,ENERO,MANZANARES,24321,19452
890.803.239-9,Empresa de Obras Sanitarias de Caldas - Empocaldas S.A E.S.P,2022,ENERO,MARMATO,24714,12014
890.803.239-9,Empresa de Obras Sanitarias de Caldas - Empocaldas S.A E.S.P,2022,ENERO,MARQUETALIA,22469,18842
890.803.239-9,Empresa de Obras Sanitarias de Caldas - Empocaldas S.A E.S.P,2022,ENERO,MARULANDA,2110,2052
890.803.239-9,Empresa de Obras Sanitarias de Caldas - Empocaldas S.A E.S.P,2022,ENERO,NEIRA,44285,41653
890.803.239-9,Empresa de Obras Sanitarias de Caldas - Empocaldas S.A E.S.P,2022,ENERO,PALESTINA,21908,17258
890.803.239-9,Empresa de Obras Sanitarias de Caldas - Empocaldas S.A E.S.P,2022,ENERO,RIOSUCIO,69690,64373
890.803.239-9,Empresa de Obras Sanitarias de Caldas - Empocaldas S.A E.S.P,2022,ENERO,RISARALDA,18418,12678
890.803.239-9,Empresa de Obras Sanitarias de Caldas - Empocaldas S.A E.S.P,2022,ENERO,SALAMINA,36077,35122
890.803.239-9,Empresa de Obras Sanitarias de Caldas - Empocaldas S.A E.S.P,2022,ENERO,SAMANA,21257,18552
890.803.239-9,Empresa de Obras Sanitarias de Caldas - Empocaldas S.A E.S.P,2022,ENERO,SAN JOSE,6038,3760
890.803.239-9,Empresa de Obras Sanitarias de Caldas - Empocaldas S.A E.S.P,2022,ENERO,SUPIA,82927,66339
890.803.239-9,Empresa de Obras Sanitarias de Caldas - Empocaldas S.A E.S.P,2022,ENERO,VICTORIA,16015,13990
890.803.239-9,Empresa de Obras Sanitarias de Caldas - Empocaldas S.A E.S.P,2022,ENERO,VITERBO,62255,51418
890.803.239-9,Empresa de Obras Sanitarias de Caldas - Empocaldas S.A E.S.P,2022,FEBRERO,AGUADAS,41779,43370
890.803.239-9,Empresa de Obras Sanitarias de Caldas - Empocaldas S.A E.S.P,2022,FEBRERO,ANSERMA,72982,64463
890.803.239-9,Empresa de Obras Sanitarias de Caldas - Empocaldas S.A E.S.P,2022,FEBRERO,ARAUCA,18688,17777
890.803.239-9,Empresa de Obras Sanitarias de Caldas - Empocaldas S.A E.S.P,2022,FEBRERO,ARMA,6086,4554
890.803.239-9,Empresa de Obras Sanitarias de Caldas - Empocaldas S.A E.S.P,2022,FEBRERO,BELALCAZAR,18637,12942
890.803.239-9,Empresa de Obras Sanitarias de Caldas - Empocaldas S.A E.S.P,2022,FEBRERO,CHINCHINA,319485,311949
890.803.239-9,Empresa de Obras Sanitarias de Caldas - Empocaldas S.A E.S.P,2022,FEBRERO,FILADELFIA,13018,12281
890.803.239-9,Empresa de Obras Sanitarias de Caldas - Empocaldas S.A E.S.P,2022,FEBRERO,GUARINOCITO,18631,0
890.803.239-9,Empresa de Obras Sanitarias de Caldas - Empocaldas S.A E.S.P,2022,FEBRERO,KILOMETRO 41,7888,3499
890.803.239-9,Empresa de Obras Sanitarias de Caldas - Empocaldas S.A E.S.P,2022,FEBRERO,LA DORADA,413466,303827
890.803.239-9,Empresa de Obras Sanitarias de Caldas - Empocaldas S.A E.S.P,2022,FEBRERO,MANZANARES,20882,16998
890.803.239-9,Empresa de Obras Sanitarias de Caldas - Empocaldas S.A E.S.P,2022,FEBRERO,MARMATO,25132,11633
890.803.239-9,Empresa de Obras Sanitarias de Caldas - Empocaldas S.A E.S.P,2022,FEBRERO,MARQUETALIA,21252,17044
890.803.239-9,Empresa de Obras Sanitarias de Caldas - Empocaldas S.A E.S.P,2022,FEBRERO,MARULANDA,1941,2046
890.803.239-9,Empresa de Obras Sanitarias de Caldas - Empocaldas S.A E.S.P,2022,FEBRERO,NEIRA,40374,40146
890.803.239-9,Empresa de Obras Sanitarias de Caldas - Empocaldas S.A E.S.P,2022,FEBRERO,PALESTINA,19519,16727
890.803.239-9,Empresa de Obras Sanitarias de Caldas - Empocaldas S.A E.S.P,2022,FEBRERO,RIOSUCIO,63707,65042
890.803.239-9,Empresa de Obras Sanitarias de Caldas - Empocaldas S.A E.S.P,2022,FEBRERO,RISARALDA,18379,13063
890.803.239-9,Empresa de Obras Sanitarias de Caldas - Empocaldas S.A E.S.P,2022,FEBRERO,SALAMINA,32875,32640
890.803.239-9,Empresa de Obras Sanitarias de Caldas - Empocaldas S.A E.S.P,2022,FEBRERO,SAMANA,19588,16384
890.803.239-9,Empresa de Obras Sanitarias de Caldas - Empocaldas S.A E.S.P,2022,FEBRERO,SAN JOSE,6780,3615
890.803.239-9,Empresa de Obras Sanitarias de Caldas - Empocaldas S.A E.S.P,2022,FEBRERO,SUPIA,82377,62448
890.803.239-9,Empresa de Obras Sanitarias de Caldas - Empocaldas S.A E.S.P,2022,FEBRERO,VICTORIA,14472,12575
890.803.239-9,Empresa de Obras Sanitarias de Caldas - Empocaldas S.A E.S.P,2022,FEBRERO,VITERBO,54985,48741
890.803.239-9,Empresa de Obras Sanitarias de Caldas - Empocaldas S.A E.S.P,2022,MARZO,AGUADAS,44178,41042
890.803.239-9,Empresa de Obras Sanitarias de Caldas - Empocaldas S.A E.S.P,2022,MARZO,ANSERMA,63288,61319
890.803.239-9,Empresa de Obras Sanitarias de Caldas - Empocaldas S.A E.S.P,2022,MARZO,ARAUCA,18059,15648
890.803.239-9,Empresa de Obras Sanitarias de Caldas - Empocaldas S.A E.S.P,2022,MARZO,ARMA,5485,3875
890.803.239-9,Empresa de Obras Sanitarias de Caldas - Empocaldas S.A E.S.P,2022,MARZO,BELALCAZAR,18329,13707
890.803.239-9,Empresa de Obras Sanitarias de Caldas - Empocaldas S.A E.S.P,2022,MARZO,CHINCHINA,299984,288568
890.803.239-9,Empresa de Obras Sanitarias de Caldas - Empocaldas S.A E.S.P,2022,MARZO,FILADELFIA,12247,11441
890.803.239-9,Empresa de Obras Sanitarias de Caldas - Empocaldas S.A E.S.P,2022,MARZO,GUARINOCITO,17185,0
890.803.239-9,Empresa de Obras Sanitarias de Caldas - Empocaldas S.A E.S.P,2022,MARZO,KILOMETRO 41,6990,2955
890.803.239-9,Empresa de Obras Sanitarias de Caldas - Empocaldas S.A E.S.P,2022,MARZO,LA DORADA,386170,296161
890.803.239-9,Empresa de Obras Sanitarias de Caldas - Empocaldas S.A E.S.P,2022,MARZO,MANZANARES,21447,17355
890.803.239-9,Empresa de Obras Sanitarias de Caldas - Empocaldas S.A E.S.P,2022,MARZO,MARMATO,22419,11173
890.803.239-9,Empresa de Obras Sanitarias de Caldas - Empocaldas S.A E.S.P,2022,MARZO,MARQUETALIA,22669,19486
890.803.239-9,Empresa de Obras Sanitarias de Caldas - Empocaldas S.A E.S.P,2022,MARZO,MARULANDA,2011,1960
890.803.239-9,Empresa de Obras Sanitarias de Caldas - Empocaldas S.A E.S.P,2022,MARZO,NEIRA,39631,37306
890.803.239-9,Empresa de Obras Sanitarias de Caldas - Empocaldas S.A E.S.P,2022,MARZO,PALESTINA,18471,15210
890.803.239-9,Empresa de Obras Sanitarias de Caldas - Empocaldas S.A E.S.P,2022,MARZO,RIOSUCIO,60960,56570
890.803.239-9,Empresa de Obras Sanitarias de Caldas - Empocaldas S.A E.S.P,2022,MARZO,RISARALDA,17570,13271
890.803.239-9,Empresa de Obras Sanitarias de Caldas - Empocaldas S.A E.S.P,2022,MARZO,SALAMINA,30885,30305
890.803.239-9,Empresa de Obras Sanitarias de Caldas - Empocaldas S.A E.S.P,2022,MARZO,SAMANA,18767,16012
890.803.239-9,Empresa de Obras Sanitarias de Caldas - Empocaldas S.A E.S.P,2022,MARZO,SAN JOSE,6340,3759
890.803.239-9,Empresa de Obras Sanitarias de Caldas - Empocaldas S.A E.S.P,2022,MARZO,SUPIA,65778,54176
890.803.239-9,Empresa de Obras Sanitarias de Caldas - Empocaldas S.A E.S.P,2022,MARZO,VICTORIA,15174,13384
890.803.239-9,Empresa de Obras Sanitarias de Caldas - Empocaldas S.A E.S.P,2022,MARZO,VITERBO,54325,46276
890.803.239-9,Empresa de Obras Sanitarias de Caldas - Empocaldas S.A E.S.P,2022,ABRIL,AGUADAS,41073,39190
890.803.239-9,Empresa de Obras Sanitarias de Caldas - Empocaldas S.A E.S.P,2022,ABRIL,ANSERMA,62225,60318
890.803.239-9,Empresa de Obras Sanitarias de Caldas - Empocaldas S.A E.S.P,2022,ABRIL,ARAUCA,18955,16218
890.803.239-9,Empresa de Obras Sanitarias de Caldas - Empocaldas S.A E.S.P,2022,ABRIL,ARMA,5694,4189
890.803.239-9,Empresa de Obras Sanitarias de Caldas - Empocaldas S.A E.S.P,2022,ABRIL,BELALCAZAR,19635,14569
890.803.239-9,Empresa de Obras Sanitarias de Caldas - Empocaldas S.A E.S.P,2022,ABRIL,CHINCHINA,305610,293217
890.803.239-9,Empresa de Obras Sanitarias de Caldas - Empocaldas S.A E.S.P,2022,ABRIL,FILADELFIA,12760,11806
890.803.239-9,Empresa de Obras Sanitarias de Caldas - Empocaldas S.A E.S.P,2022,ABRIL,GUARINOCITO,19785,0
890.803.239-9,Empresa de Obras Sanitarias de Caldas - Empocaldas S.A E.S.P,2022,ABRIL,KILOMETRO 41,7110,3211
890.803.239-9,Empresa de Obras Sanitarias de Caldas - Empocaldas S.A E.S.P,2022,ABRIL,LA DORADA,370556,291454
890.803.239-9,Empresa de Obras Sanitarias de Caldas - Empocaldas S.A E.S.P,2022,ABRIL,MANZANARES,21391,17546
890.803.239-9,Empresa de Obras Sanitarias de Caldas - Empocaldas S.A E.S.P,2022,ABRIL,MARMATO,23776,11619
890.803.239-9,Empresa de Obras Sanitarias de Caldas - Empocaldas S.A E.S.P,2022,ABRIL,MARQUETALIA,20940,17642
890.803.239-9,Empresa de Obras Sanitarias de Caldas - Empocaldas S.A E.S.P,2022,ABRIL,MARULANDA,1848,1799
890.803.239-9,Empresa de Obras Sanitarias de Caldas - Empocaldas S.A E.S.P,2022,ABRIL,NEIRA,43647,41054
890.803.239-9,Empresa de Obras Sanitarias de Caldas - Empocaldas S.A E.S.P,2022,ABRIL,PALESTINA,19895,15916
890.803.239-9,Empresa de Obras Sanitarias de Caldas - Empocaldas S.A E.S.P,2022,ABRIL,RIOSUCIO,68589,63431
890.803.239-9,Empresa de Obras Sanitarias de Caldas - Empocaldas S.A E.S.P,2022,ABRIL,RISARALDA,17819,13269
890.803.239-9,Empresa de Obras Sanitarias de Caldas - Empocaldas S.A E.S.P,2022,ABRIL,SALAMINA,33083,32399
890.803.239-9,Empresa de Obras Sanitarias de Caldas - Empocaldas S.A E.S.P,2022,ABRIL,SAMANA,19752,16953
890.803.239-9,Empresa de Obras Sanitarias de Caldas - Empocaldas S.A E.S.P,2022,ABRIL,SAN JOSE,6512,3827
890.803.239-9,Empresa de Obras Sanitarias de Caldas - Empocaldas S.A E.S.P,2022,ABRIL,SUPIA,74512,59970
890.803.239-9,Empresa de Obras Sanitarias de Caldas - Empocaldas S.A E.S.P,2022,ABRIL,VICTORIA,16274,14079
890.803.239-9,Empresa de Obras Sanitarias de Caldas - Empocaldas S.A E.S.P,2022,ABRIL,VITERBO,57769,0
890.803.239-9,Empresa de Obras Sanitarias de Caldas - Empocaldas S.A E.S.P,2022,MAYO,AGUADAS,44636,41266
890.803.239-9,Empresa de Obras Sanitarias de Caldas - Empocaldas S.A E.S.P,2022,MAYO,ANSERMA,66163,64095
890.803.239-9,Empresa de Obras Sanitarias de Caldas - Empocaldas S.A E.S.P,2022,MAYO,ARAUCA,5810,17487
890.803.239-9,Empresa de Obras Sanitarias de Caldas - Empocaldas S.A E.S.P,2022,MAYO,ARMA,19349,4467
890.803.239-9,Empresa de Obras Sanitarias de Caldas - Empocaldas S.A E.S.P,2022,MAYO,BELALCAZAR,312207,14423
890.803.239-9,Empresa de Obras Sanitarias de Caldas - Empocaldas S.A E.S.P,2022,MAYO,CHINCHINA,13050,297893
890.803.239-9,Empresa de Obras Sanitarias de Caldas - Empocaldas S.A E.S.P,2022,MAYO,FILADELFIA,18207,12280
890.803.239-9,Empresa de Obras Sanitarias de Caldas - Empocaldas S.A E.S.P,2022,MAYO,GUARINOCITO,8153,0
890.803.239-9,Empresa de Obras Sanitarias de Caldas - Empocaldas S.A E.S.P,2022,MAYO,KILOMETRO 41,375294,3395
890.803.239-9,Empresa de Obras Sanitarias de Caldas - Empocaldas S.A E.S.P,2022,MAYO,LA DORADA,21841,293449
890.803.239-9,Empresa de Obras Sanitarias de Caldas - Empocaldas S.A E.S.P,2022,MAYO,MANZANARES,25727,17678
890.803.239-9,Empresa de Obras Sanitarias de Caldas - Empocaldas S.A E.S.P,2022,MAYO,MARMATO,25727,13011
890.803.239-9,Empresa de Obras Sanitarias de Caldas - Empocaldas S.A E.S.P,2022,MAYO,MARQUETALIA,21474,17845
890.803.239-9,Empresa de Obras Sanitarias de Caldas - Empocaldas S.A E.S.P,2022,MAYO,MARULANDA,1936,1893
890.803.239-9,Empresa de Obras Sanitarias de Caldas - Empocaldas S.A E.S.P,2022,MAYO,NEIRA,42333,39787
890.803.239-9,Empresa de Obras Sanitarias de Caldas - Empocaldas S.A E.S.P,2022,MAYO,PALESTINA,20355,16705
890.803.239-9,Empresa de Obras Sanitarias de Caldas - Empocaldas S.A E.S.P,2022,MAYO,RIOSUCIO,64873,59976
890.803.239-9,Empresa de Obras Sanitarias de Caldas - Empocaldas S.A E.S.P,2022,MAYO,RISARALDA,16032,12403
890.803.239-9,Empresa de Obras Sanitarias de Caldas - Empocaldas S.A E.S.P,2022,MAYO,SALAMINA,31370,30772
890.803.239-9,Empresa de Obras Sanitarias de Caldas - Empocaldas S.A E.S.P,2022,MAYO,SAMANA,21138,18228
890.803.239-9,Empresa de Obras Sanitarias de Caldas - Empocaldas S.A E.S.P,2022,MAYO,SAN JOSE,6551,3949
890.803.239-9,Empresa de Obras Sanitarias de Caldas - Empocaldas S.A E.S.P,2022,MAYO,SUPIA,68031,55997
890.803.239-9,Empresa de Obras Sanitarias de Caldas - Empocaldas S.A E.S.P,2022,MAYO,VICTORIA,14804,12850
890.803.239-9,Empresa de Obras Sanitarias de Caldas - Empocaldas S.A E.S.P,2022,MAYO,VITERBO,58541,49016
890.803.239-9,Empresa de Obras Sanitarias de Caldas - Empocaldas S.A E.S.P,2022,JUNIO,AGUADAS,43846,40955
890.803.239-9,Empresa de Obras Sanitarias de Caldas - Empocaldas S.A E.S.P,2022,JUNIO,ANSERMA,65551,63283
890.803.239-9,Empresa de Obras Sanitarias de Caldas - Empocaldas S.A E.S.P,2022,JUNIO,ARAUCA,18850,16271
890.803.239-9,Empresa de Obras Sanitarias de Caldas - Empocaldas S.A E.S.P,2022,JUNIO,ARMA,5119,3733
890.803.239-9,Empresa de Obras Sanitarias de Caldas - Empocaldas S.A E.S.P,2022,JUNIO,BELALCAZAR,19304,14438
890.803.239-9,Empresa de Obras Sanitarias de Caldas - Empocaldas S.A E.S.P,2022,JUNIO,CHINCHINA,332019,317613
890.803.239-9,Empresa de Obras Sanitarias de Caldas - Empocaldas S.A E.S.P,2022,JUNIO,FILADELFIA,13039,12243
890.803.239-9,Empresa de Obras Sanitarias de Caldas - Empocaldas S.A E.S.P,2022,JUNIO,GUARINOCITO,17001,0
890.803.239-9,Empresa de Obras Sanitarias de Caldas - Empocaldas S.A E.S.P,2022,JUNIO,KILOMETRO 41,6905,2941
890.803.239-9,Empresa de Obras Sanitarias de Caldas - Empocaldas S.A E.S.P,2022,JUNIO,LA DORADA,389185,301351
890.803.239-9,Empresa de Obras Sanitarias de Caldas - Empocaldas S.A E.S.P,2022,JUNIO,MANZANARES,21992,17855
890.803.239-9,Empresa de Obras Sanitarias de Caldas - Empocaldas S.A E.S.P,2022,JUNIO,MARMATO,24825,12679
890.803.239-9,Empresa de Obras Sanitarias de Caldas - Empocaldas S.A E.S.P,2022,JUNIO,MARQUETALIA,22004,18770
890.803.239-9,Empresa de Obras Sanitarias de Caldas - Empocaldas S.A E.S.P,2022,JUNIO,MARULANDA,2069,2017
890.803.239-9,Empresa de Obras Sanitarias de Caldas - Empocaldas S.A E.S.P,2022,JUNIO,NEIRA,41863,39282
890.803.239-9,Empresa de Obras Sanitarias de Caldas - Empocaldas S.A E.S.P,2022,JUNIO,PALESTINA,19516,15915
890.803.239-9,Empresa de Obras Sanitarias de Caldas - Empocaldas S.A E.S.P,2022,JUNIO,RIOSUCIO,62598,58068
890.803.239-9,Empresa de Obras Sanitarias de Caldas - Empocaldas S.A E.S.P,2022,JUNIO,RISARALDA,17567,13568
890.803.239-9,Empresa de Obras Sanitarias de Caldas - Empocaldas S.A E.S.P,2022,JUNIO,SALAMINA,30914,30172
890.803.239-9,Empresa de Obras Sanitarias de Caldas - Empocaldas S.A E.S.P,2022,JUNIO,SAMANA,21010,18157
890.803.239-9,Empresa de Obras Sanitarias de Caldas - Empocaldas S.A E.S.P,2022,JUNIO,SAN JOSE,6785,4190
890.803.239-9,Empresa de Obras Sanitarias de Caldas - Empocaldas S.A E.S.P,2022,JUNIO,SUPIA,72056,58699
890.803.239-9,Empresa de Obras Sanitarias de Caldas - Empocaldas S.A E.S.P,2022,JUNIO,VICTORIA,14264,12711
890.803.239-9,Empresa de Obras Sanitarias de Caldas - Empocaldas S.A E.S.P,2022,JUNIO,VITERBO,53627,46036
890.803.239-9,Empresa de Obras Sanitarias de Caldas - Empocaldas S.A E.S.P,2022,JULIO,AGUADAS,42761,40252
890.803.239-9,Empresa de Obras Sanitarias de Caldas - Empocaldas S.A E.S.P,2022,JULIO,ANSERMA,63372,61322
890.803.239-9,Empresa de Obras Sanitarias de Caldas - Empocaldas S.A E.S.P,2022,JULIO,ARAUCA,18258,15688
890.803.239-9,Empresa de Obras Sanitarias de Caldas - Empocaldas S.A E.S.P,2022,JULIO,ARMA,5152,3801
890.803.239-9,Empresa de Obras Sanitarias de Caldas - Empocaldas S.A E.S.P,2022,JULIO,BELALCAZAR,19271,14226
890.803.239-9,Empresa de Obras Sanitarias de Caldas - Empocaldas S.A E.S.P,2022,JULIO,CHINCHINA,309245,294955
890.803.239-9,Empresa de Obras Sanitarias de Caldas - Empocaldas S.A E.S.P,2022,JULIO,FILADELFIA,13375,12518
890.803.239-9,Empresa de Obras Sanitarias de Caldas - Empocaldas S.A E.S.P,2022,JULIO,GUARINOCITO,18781,0
890.803.239-9,Empresa de Obras Sanitarias de Caldas - Empocaldas S.A E.S.P,2022,JULIO,KILOMETRO 41,6945,2919
890.803.239-9,Empresa de Obras Sanitarias de Caldas - Empocaldas S.A E.S.P,2022,JULIO,LA DORADA,386169,296624
890.803.239-9,Empresa de Obras Sanitarias de Caldas - Empocaldas S.A E.S.P,2022,JULIO,MANZANARES,21790,17621
890.803.239-9,Empresa de Obras Sanitarias de Caldas - Empocaldas S.A E.S.P,2022,JULIO,MARMATO,22896,11233
890.803.239-9,Empresa de Obras Sanitarias de Caldas - Empocaldas S.A E.S.P,2022,JULIO,MARQUETALIA,21647,18503
890.803.239-9,Empresa de Obras Sanitarias de Caldas - Empocaldas S.A E.S.P,2022,JULIO,MARULANDA,2110,2068
890.803.239-9,Empresa de Obras Sanitarias de Caldas - Empocaldas S.A E.S.P,2022,JULIO,NEIRA,42139,39676
890.803.239-9,Empresa de Obras Sanitarias de Caldas - Empocaldas S.A E.S.P,2022,JULIO,PALESTINA,19111,15468
890.803.239-9,Empresa de Obras Sanitarias de Caldas - Empocaldas S.A E.S.P,2022,JULIO,RIOSUCIO,64898,60109
890.803.239-9,Empresa de Obras Sanitarias de Caldas - Empocaldas S.A E.S.P,2022,JULIO,RISARALDA,17440,12986
890.803.239-9,Empresa de Obras Sanitarias de Caldas - Empocaldas S.A E.S.P,2022,JULIO,SALAMINA,33944,32996
890.803.239-9,Empresa de Obras Sanitarias de Caldas - Empocaldas S.A E.S.P,2022,JULIO,SAMANA,19266,16734
890.803.239-9,Empresa de Obras Sanitarias de Caldas - Empocaldas S.A E.S.P,2022,JULIO,SAN JOSE,6500,3994
890.803.239-9,Empresa de Obras Sanitarias de Caldas - Empocaldas S.A E.S.P,2022,JULIO,SUPIA,74471,60509
890.803.239-9,Empresa de Obras Sanitarias de Caldas - Empocaldas S.A E.S.P,2022,JULIO,VICTORIA,15990,14238
890.803.239-9,Empresa de Obras Sanitarias de Caldas - Empocaldas S.A E.S.P,2022,JULIO,VITERBO,54532,46376
890.803.239-9,Empresa de Obras Sanitarias de Caldas - Empocaldas S.A E.S.P,2022,AGOSTO,AGUADAS,44043,42007
890.803.239-9,Empresa de Obras Sanitarias de Caldas - Empocaldas S.A E.S.P,2022,AGOSTO,ANSERMA,68480,65682
890.803.239-9,Empresa de Obras Sanitarias de Caldas - Empocaldas S.A E.S.P,2022,AGOSTO,ARAUCA,18981,16830
890.803.239-9,Empresa de Obras Sanitarias de Caldas - Empocaldas S.A E.S.P,2022,AGOSTO,ARMA,4785,3768
890.803.239-9,Empresa de Obras Sanitarias de Caldas - Empocaldas S.A E.S.P,2022,AGOSTO,BELALCAZAR,19510,14573
890.803.239-9,Empresa de Obras Sanitarias de Caldas - Empocaldas S.A E.S.P,2022,AGOSTO,CHINCHINA,310022,294728
890.803.239-9,Empresa de Obras Sanitarias de Caldas - Empocaldas S.A E.S.P,2022,AGOSTO,FILADELFIA,14418,13667
890.803.239-9,Empresa de Obras Sanitarias de Caldas - Empocaldas S.A E.S.P,2022,AGOSTO,GUARINOCITO,20423,0
890.803.239-9,Empresa de Obras Sanitarias de Caldas - Empocaldas S.A E.S.P,2022,AGOSTO,KILOMETRO 41,7270,3047
890.803.239-9,Empresa de Obras Sanitarias de Caldas - Empocaldas S.A E.S.P,2022,AGOSTO,LA DORADA,383055,299015
890.803.239-9,Empresa de Obras Sanitarias de Caldas - Empocaldas S.A E.S.P,2022,AGOSTO,MANZANARES,22631,18185
890.803.239-9,Empresa de Obras Sanitarias de Caldas - Empocaldas S.A E.S.P,2022,AGOSTO,MARMATO,24866,12162
890.803.239-9,Empresa de Obras Sanitarias de Caldas - Empocaldas S.A E.S.P,2022,AGOSTO,MARQUETALIA,23057,19310
890.803.239-9,Empresa de Obras Sanitarias de Caldas - Empocaldas S.A E.S.P,2022,AGOSTO,MARULANDA,2203,2139
890.803.239-9,Empresa de Obras Sanitarias de Caldas - Empocaldas S.A E.S.P,2022,AGOSTO,NEIRA,42371,39705
890.803.239-9,Empresa de Obras Sanitarias de Caldas - Empocaldas S.A E.S.P,2022,AGOSTO,PALESTINA,19369,15352
890.803.239-9,Empresa de Obras Sanitarias de Caldas - Empocaldas S.A E.S.P,2022,AGOSTO,RIOSUCIO,69030,64106
890.803.239-9,Empresa de Obras Sanitarias de Caldas - Empocaldas S.A E.S.P,2022,AGOSTO,RISARALDA,17640,13497
890.803.239-9,Empresa de Obras Sanitarias de Caldas - Empocaldas S.A E.S.P,2022,AGOSTO,SALAMINA,34414,33462
890.803.239-9,Empresa de Obras Sanitarias de Caldas - Empocaldas S.A E.S.P,2022,AGOSTO,SAMANA,21071,18308
890.803.239-9,Empresa de Obras Sanitarias de Caldas - Empocaldas S.A E.S.P,2022,AGOSTO,SAN JOSE,6889,4292
890.803.239-9,Empresa de Obras Sanitarias de Caldas - Empocaldas S.A E.S.P,2022,AGOSTO,SUPIA,72203,59027
890.803.239-9,Empresa de Obras Sanitarias de Caldas - Empocaldas S.A E.S.P,2022,AGOSTO,VICTORIA,16242,14006
890.803.239-9,Empresa de Obras Sanitarias de Caldas - Empocaldas S.A E.S.P,2022,AGOSTO,VITERBO,56331,48583
890.803.239-9,Empresa de Obras Sanitarias de Caldas - Empocaldas S.A E.S.P,2022,SEPTIEMBRE,AGUADAS,43076,40772
890.803.239-9,Empresa de Obras Sanitarias de Caldas - Empocaldas S.A E.S.P,2022,SEPTIEMBRE,ANSERMA,68606,66168
890.803.239-9,Empresa de Obras Sanitarias de Caldas - Empocaldas S.A E.S.P,2022,SEPTIEMBRE,ARAUCA,19340,16736
890.803.239-9,Empresa de Obras Sanitarias de Caldas - Empocaldas S.A E.S.P,2022,SEPTIEMBRE,ARMA,4959,3644
890.803.239-9,Empresa de Obras Sanitarias de Caldas - Empocaldas S.A E.S.P,2022,SEPTIEMBRE,BELALCAZAR,20137,15081
890.803.239-9,Empresa de Obras Sanitarias de Caldas - Empocaldas S.A E.S.P,2022,SEPTIEMBRE,CHINCHINA,310520,296808
890.803.239-9,Empresa de Obras Sanitarias de Caldas - Empocaldas S.A E.S.P,2022,SEPTIEMBRE,FILADELFIA,13295,12445
890.803.239-9,Empresa de Obras Sanitarias de Caldas - Empocaldas S.A E.S.P,2022,SEPTIEMBRE,GUARINOCITO,21101,0
890.803.239-9,Empresa de Obras Sanitarias de Caldas - Empocaldas S.A E.S.P,2022,SEPTIEMBRE,KILOMETRO 41,7452,3157
890.803.239-9,Empresa de Obras Sanitarias de Caldas - Empocaldas S.A E.S.P,2022,SEPTIEMBRE,LA DORADA,412849,310251
890.803.239-9,Empresa de Obras Sanitarias de Caldas - Empocaldas S.A E.S.P,2022,SEPTIEMBRE,MANZANARES,21635,17807
890.803.239-9,Empresa de Obras Sanitarias de Caldas - Empocaldas S.A E.S.P,2022,SEPTIEMBRE,MARMATO,22940,11522
890.803.239-9,Empresa de Obras Sanitarias de Caldas - Empocaldas S.A E.S.P,2022,SEPTIEMBRE,MARQUETALIA,22747,19106
890.803.239-9,Empresa de Obras Sanitarias de Caldas - Empocaldas S.A E.S.P,2022,SEPTIEMBRE,MARULANDA,2434,2352
890.803.239-9,Empresa de Obras Sanitarias de Caldas - Empocaldas S.A E.S.P,2022,SEPTIEMBRE,NEIRA,41231,38778
890.803.239-9,Empresa de Obras Sanitarias de Caldas - Empocaldas S.A E.S.P,2022,SEPTIEMBRE,PALESTINA,19216,15103
890.803.239-9,Empresa de Obras Sanitarias de Caldas - Empocaldas S.A E.S.P,2022,SEPTIEMBRE,RIOSUCIO,65460,60654
890.803.239-9,Empresa de Obras Sanitarias de Caldas - Empocaldas S.A E.S.P,2022,SEPTIEMBRE,RISARALDA,18296,13871
890.803.239-9,Empresa de Obras Sanitarias de Caldas - Empocaldas S.A E.S.P,2022,SEPTIEMBRE,SALAMINA,33495,32701
890.803.239-9,Empresa de Obras Sanitarias de Caldas - Empocaldas S.A E.S.P,2022,SEPTIEMBRE,SAMANA,23218,20117
890.803.239-9,Empresa de Obras Sanitarias de Caldas - Empocaldas S.A E.S.P,2022,SEPTIEMBRE,SAN JOSE,7244,4503
890.803.239-9,Empresa de Obras Sanitarias de Caldas - Empocaldas S.A E.S.P,2022,SEPTIEMBRE,SUPIA,63383,51490
890.803.239-9,Empresa de Obras Sanitarias de Caldas - Empocaldas S.A E.S.P,2022,SEPTIEMBRE,VICTORIA,16412,14450
890.803.239-9,Empresa de Obras Sanitarias de Caldas - Empocaldas S.A E.S.P,2022,SEPTIEMBRE,VITERBO,54890,46328
890.803.239-9,Empresa de Obras Sanitarias de Caldas - Empocaldas S.A E.S.P,2022,OCTUBRE,AGUADAS,42052,39653
890.803.239-9,Empresa de Obras Sanitarias de Caldas - Empocaldas S.A E.S.P,2022,OCTUBRE,ANSERMA,67127,64713
890.803.239-9,Empresa de Obras Sanitarias de Caldas - Empocaldas S.A E.S.P,2022,OCTUBRE,ARAUCA,19351,16772
890.803.239-9,Empresa de Obras Sanitarias de Caldas - Empocaldas S.A E.S.P,2022,OCTUBRE,ARMA,6356,3767
890.803.239-9,Empresa de Obras Sanitarias de Caldas - Empocaldas S.A E.S.P,2022,OCTUBRE,BELALCAZAR,19881,14561
890.803.239-9,Empresa de Obras Sanitarias de Caldas - Empocaldas S.A E.S.P,2022,OCTUBRE,CHINCHINA,323363,306685
890.803.239-9,Empresa de Obras Sanitarias de Caldas - Empocaldas S.A E.S.P,2022,OCTUBRE,FILADELFIA,12597,11834
890.803.239-9,Empresa de Obras Sanitarias de Caldas - Empocaldas S.A E.S.P,2022,OCTUBRE,GUARINOCITO,20034,0
890.803.239-9,Empresa de Obras Sanitarias de Caldas - Empocaldas S.A E.S.P,2022,OCTUBRE,KILOMETRO 41,8157,3291
890.803.239-9,Empresa de Obras Sanitarias de Caldas - Empocaldas S.A E.S.P,2022,OCTUBRE,LA DORADA,382037,287447
890.803.239-9,Empresa de Obras Sanitarias de Caldas - Empocaldas S.A E.S.P,2022,OCTUBRE,MANZANARES,23408,19277
890.803.239-9,Empresa de Obras Sanitarias de Caldas - Empocaldas S.A E.S.P,2022,OCTUBRE,MARMATO,24325,11935
890.803.239-9,Empresa de Obras Sanitarias de Caldas - Empocaldas S.A E.S.P,2022,OCTUBRE,MARQUETALIA,22904,18946
890.803.239-9,Empresa de Obras Sanitarias de Caldas - Empocaldas S.A E.S.P,2022,OCTUBRE,MARULANDA,2458,2364
890.803.239-9,Empresa de Obras Sanitarias de Caldas - Empocaldas S.A E.S.P,2022,OCTUBRE,NEIRA,42595,40142
890.803.239-9,Empresa de Obras Sanitarias de Caldas - Empocaldas S.A E.S.P,2022,OCTUBRE,PALESTINA,19841,16145
890.803.239-9,Empresa de Obras Sanitarias de Caldas - Empocaldas S.A E.S.P,2022,OCTUBRE,RIOSUCIO,65630,60794
890.803.239-9,Empresa de Obras Sanitarias de Caldas - Empocaldas S.A E.S.P,2022,OCTUBRE,RISARALDA,18203,13725
890.803.239-9,Empresa de Obras Sanitarias de Caldas - Empocaldas S.A E.S.P,2022,OCTUBRE,SALAMINA,34385,33544
890.803.239-9,Empresa de Obras Sanitarias de Caldas - Empocaldas S.A E.S.P,2022,OCTUBRE,SAMANA,20493,17700
890.803.239-9,Empresa de Obras Sanitarias de Caldas - Empocaldas S.A E.S.P,2022,OCTUBRE,SAN JOSE,7116,4390
890.803.239-9,Empresa de Obras Sanitarias de Caldas - Empocaldas S.A E.S.P,2022,OCTUBRE,SUPIA,70861,57087
890.803.239-9,Empresa de Obras Sanitarias de Caldas - Empocaldas S.A E.S.P,2022,OCTUBRE,VICTORIA,18852,16187
890.803.239-9,Empresa de Obras Sanitarias de Caldas - Empocaldas S.A E.S.P,2022,OCTUBRE,VITERBO,57059,48857
890.803.239-9,Empresa de Obras Sanitarias de Caldas - Empocaldas S.A E.S.P,2022,NOVIEMBRE,AGUADAS,43110,40621
890.803.239-9,Empresa de Obras Sanitarias de Caldas - Empocaldas S.A E.S.P,2022,NOVIEMBRE,ANSERMA,66961,64626
890.803.239-9,Empresa de Obras Sanitarias de Caldas - Empocaldas S.A E.S.P,2022,NOVIEMBRE,ARAUCA,19456,16871
890.803.239-9,Empresa de Obras Sanitarias de Caldas - Empocaldas S.A E.S.P,2022,NOVIEMBRE,ARMA,5215,3860
890.803.239-9,Empresa de Obras Sanitarias de Caldas - Empocaldas S.A E.S.P,2022,NOVIEMBRE,BELALCAZAR,21332,15738
890.803.239-9,Empresa de Obras Sanitarias de Caldas - Empocaldas S.A E.S.P,2022,NOVIEMBRE,CHINCHINA,321059,305249
890.803.239-9,Empresa de Obras Sanitarias de Caldas - Empocaldas S.A E.S.P,2022,NOVIEMBRE,FILADELFIA,12076,11408
890.803.239-9,Empresa de Obras Sanitarias de Caldas - Empocaldas S.A E.S.P,2022,NOVIEMBRE,GUARINOCITO,19072,0
890.803.239-9,Empresa de Obras Sanitarias de Caldas - Empocaldas S.A E.S.P,2022,NOVIEMBRE,KILOMETRO 41,7272,3065
890.803.239-9,Empresa de Obras Sanitarias de Caldas - Empocaldas S.A E.S.P,2022,NOVIEMBRE,LA DORADA,395929,303662
890.803.239-9,Empresa de Obras Sanitarias de Caldas - Empocaldas S.A E.S.P,2022,NOVIEMBRE,MANZANARES,22283,18591
890.803.239-9,Empresa de Obras Sanitarias de Caldas - Empocaldas S.A E.S.P,2022,NOVIEMBRE,MARMATO,24246,11554
890.803.239-9,Empresa de Obras Sanitarias de Caldas - Empocaldas S.A E.S.P,2022,NOVIEMBRE,MARQUETALIA,23009,19361
890.803.239-9,Empresa de Obras Sanitarias de Caldas - Empocaldas S.A E.S.P,2022,NOVIEMBRE,MARULANDA,2666,2604
890.803.239-9,Empresa de Obras Sanitarias de Caldas - Empocaldas S.A E.S.P,2022,NOVIEMBRE,NEIRA,42214,39981
890.803.239-9,Empresa de Obras Sanitarias de Caldas - Empocaldas S.A E.S.P,2022,NOVIEMBRE,PALESTINA,20166,16084
890.803.239-9,Empresa de Obras Sanitarias de Caldas - Empocaldas S.A E.S.P,2022,NOVIEMBRE,RIOSUCIO,64894,60082
890.803.239-9,Empresa de Obras Sanitarias de Caldas - Empocaldas S.A E.S.P,2022,NOVIEMBRE,RISARALDA,17164,13128
890.803.239-9,Empresa de Obras Sanitarias de Caldas - Empocaldas S.A E.S.P,2022,NOVIEMBRE,SALAMINA,33830,33068
890.803.239-9,Empresa de Obras Sanitarias de Caldas - Empocaldas S.A E.S.P,2022,NOVIEMBRE,SAMANA,20821,17641
890.803.239-9,Empresa de Obras Sanitarias de Caldas - Empocaldas S.A E.S.P,2022,NOVIEMBRE,SAN JOSE,6730,4065
890.803.239-9,Empresa de Obras Sanitarias de Caldas - Empocaldas S.A E.S.P,2022,NOVIEMBRE,SUPIA,69300,57136
890.803.239-9,Empresa de Obras Sanitarias de Caldas - Empocaldas S.A E.S.P,2022,NOVIEMBRE,VICTORIA,15235,13449
890.803.239-9,Empresa de Obras Sanitarias de Caldas - Empocaldas S.A E.S.P,2022,NOVIEMBRE,VITERBO,54075,45651
890.803.239-9,Empresa de Obras Sanitarias de Caldas - Empocaldas S.A E.S.P,2022,DICIEMBRE,AGUADAS,43909,41760
890.803.239-9,Empresa de Obras Sanitarias de Caldas - Empocaldas S.A E.S.P,2022,DICIEMBRE,ANSERMA,66237,64124
890.803.239-9,Empresa de Obras Sanitarias de Caldas - Empocaldas S.A E.S.P,2022,DICIEMBRE,ARAUCA,19041,16707
890.803.239-9,Empresa de Obras Sanitarias de Caldas - Empocaldas S.A E.S.P,2022,DICIEMBRE,ARMA,5209,4042
890.803.239-9,Empresa de Obras Sanitarias de Caldas - Empocaldas S.A E.S.P,2022,DICIEMBRE,BELALCAZAR,21169,15304
890.803.239-9,Empresa de Obras Sanitarias de Caldas - Empocaldas S.A E.S.P,2022,DICIEMBRE,CHINCHINA,292093,274255
890.803.239-9,Empresa de Obras Sanitarias de Caldas - Empocaldas S.A E.S.P,2022,DICIEMBRE,FILADELFIA,12834,11941
890.803.239-9,Empresa de Obras Sanitarias de Caldas - Empocaldas S.A E.S.P,2022,DICIEMBRE,GUARINOCITO,18925,0
890.803.239-9,Empresa de Obras Sanitarias de Caldas - Empocaldas S.A E.S.P,2022,DICIEMBRE,KILOMETRO 41,7933,3252
890.803.239-9,Empresa de Obras Sanitarias de Caldas - Empocaldas S.A E.S.P,2022,DICIEMBRE,LA DORADA,377141,288940
890.803.239-9,Empresa de Obras Sanitarias de Caldas - Empocaldas S.A E.S.P,2022,DICIEMBRE,MANZANARES,21660,17965
890.803.239-9,Empresa de Obras Sanitarias de Caldas - Empocaldas S.A E.S.P,2022,DICIEMBRE,MARMATO,24218,11873
890.803.239-9,Empresa de Obras Sanitarias de Caldas - Empocaldas S.A E.S.P,2022,DICIEMBRE,MARQUETALIA,21488,18049
890.803.239-9,Empresa de Obras Sanitarias de Caldas - Empocaldas S.A E.S.P,2022,DICIEMBRE,MARULANDA,2479,2423
890.803.239-9,Empresa de Obras Sanitarias de Caldas - Empocaldas S.A E.S.P,2022,DICIEMBRE,NEIRA,40459,38126
890.803.239-9,Empresa de Obras Sanitarias de Caldas - Empocaldas S.A E.S.P,2022,DICIEMBRE,PALESTINA,18991,15120
890.803.239-9,Empresa de Obras Sanitarias de Caldas - Empocaldas S.A E.S.P,2022,DICIEMBRE,RIOSUCIO,63283,58772
890.803.239-9,Empresa de Obras Sanitarias de Caldas - Empocaldas S.A E.S.P,2022,DICIEMBRE,RISARALDA,17677,13378
890.803.239-9,Empresa de Obras Sanitarias de Caldas - Empocaldas S.A E.S.P,2022,DICIEMBRE,SALAMINA,32832,32133
890.803.239-9,Empresa de Obras Sanitarias de Caldas - Empocaldas S.A E.S.P,2022,DICIEMBRE,SAMANA,20782,17846
890.803.239-9,Empresa de Obras Sanitarias de Caldas - Empocaldas S.A E.S.P,2022,DICIEMBRE,SAN JOSE,6504,3877
890.803.239-9,Empresa de Obras Sanitarias de Caldas - Empocaldas S.A E.S.P,2022,DICIEMBRE,SUPIA,69605,56211
890.803.239-9,Empresa de Obras Sanitarias de Caldas - Empocaldas S.A E.S.P,2022,DICIEMBRE,VICTORIA,15126,13110
890.803.239-9,Empresa de Obras Sanitarias de Caldas - Empocaldas S.A E.S.P,2022,DICIEMBRE,VITERBO,53742,45209
890.803.239-9,Empresa de Obras Sanitarias de Caldas - Empocaldas S.A E.S.P,2023,ENERO,AGUADAS,44194,41636
890.803.239-9,Empresa de Obras Sanitarias de Caldas - Empocaldas S.A E.S.P,2023,ENERO,ANSERMA,69284,67028
890.803.239-9,Empresa de Obras Sanitarias de Caldas - Empocaldas S.A E.S.P,2023,ENERO,ARAUCA,20415,17824
890.803.239-9,Empresa de Obras Sanitarias de Caldas - Empocaldas S.A E.S.P,2023,ENERO,ARMA,5737,4087
890.803.239-9,Empresa de Obras Sanitarias de Caldas - Empocaldas S.A E.S.P,2023,ENERO,BELALCAZAR,20106,14793
890.803.239-9,Empresa de Obras Sanitarias de Caldas - Empocaldas S.A E.S.P,2023,ENERO,CHINCHINA,295307,281908
890.803.239-9,Empresa de Obras Sanitarias de Caldas - Empocaldas S.A E.S.P,2023,ENERO,FILADELFIA,14012,13071
890.803.239-9,Empresa de Obras Sanitarias de Caldas - Empocaldas S.A E.S.P,2023,ENERO,GUARINOCITO,21006,0
890.803.239-9,Empresa de Obras Sanitarias de Caldas - Empocaldas S.A E.S.P,2023,ENERO,KILOMETRO 41,8246,3073
890.803.239-9,Empresa de Obras Sanitarias de Caldas - Empocaldas S.A E.S.P,2023,ENERO,LA DORADA,393282,305343
890.803.239-9,Empresa de Obras Sanitarias de Caldas - Empocaldas S.A E.S.P,2023,ENERO,MANZANARES,23356,19354
890.803.239-9,Empresa de Obras Sanitarias de Caldas - Empocaldas S.A E.S.P,2023,ENERO,MARMATO,24304,11198
890.803.239-9,Empresa de Obras Sanitarias de Caldas - Empocaldas S.A E.S.P,2023,ENERO,MARQUETALIA,24025,20267
890.803.239-9,Empresa de Obras Sanitarias de Caldas - Empocaldas S.A E.S.P,2023,ENERO,MARULANDA,2592,2498
890.803.239-9,Empresa de Obras Sanitarias de Caldas - Empocaldas S.A E.S.P,2023,ENERO,NEIRA,44936,41817
890.803.239-9,Empresa de Obras Sanitarias de Caldas - Empocaldas S.A E.S.P,2023,ENERO,PALESTINA,22459,17258
890.803.239-9,Empresa de Obras Sanitarias de Caldas - Empocaldas S.A E.S.P,2023,ENERO,RIOSUCIO,70939,65906
890.803.239-9,Empresa de Obras Sanitarias de Caldas - Empocaldas S.A E.S.P,2023,ENERO,RISARALDA,19353,13923
890.803.239-9,Empresa de Obras Sanitarias de Caldas - Empocaldas S.A E.S.P,2023,ENERO,SALAMINA,37421,36596
890.803.239-9,Empresa de Obras Sanitarias de Caldas - Empocaldas S.A E.S.P,2023,ENERO,SAMANA,21438,18429
890.803.239-9,Empresa de Obras Sanitarias de Caldas - Empocaldas S.A E.S.P,2023,ENERO,SAN JOSE,7223,4365
890.803.239-9,Empresa de Obras Sanitarias de Caldas - Empocaldas S.A E.S.P,2023,ENERO,SUPIA,74342,59178
890.803.239-9,Empresa de Obras Sanitarias de Caldas - Empocaldas S.A E.S.P,2023,ENERO,VICTORIA,17507,15344
890.803.239-9,Empresa de Obras Sanitarias de Caldas - Empocaldas S.A E.S.P,2023,ENERO,VITERBO,59568,48455
890.803.239-9,Empresa de Obras Sanitarias de Caldas - Empocaldas S.A E.S.P,2023,FEBRERO,AGUADAS,44316,41720
890.803.239-9,Empresa de Obras Sanitarias de Caldas - Empocaldas S.A E.S.P,2023,FEBRERO,ANSERMA,70053,67761
890.803.239-9,Empresa de Obras Sanitarias de Caldas - Empocaldas S.A E.S.P,2023,FEBRERO,ARAUCA,20656,17832
890.803.239-9,Empresa de Obras Sanitarias de Caldas - Empocaldas S.A E.S.P,2023,FEBRERO,ARMA,5151,3751
890.803.239-9,Empresa de Obras Sanitarias de Caldas - Empocaldas S.A E.S.P,2023,FEBRERO,BELALCAZAR,22104,16319
890.803.239-9,Empresa de Obras Sanitarias de Caldas - Empocaldas S.A E.S.P,2023,FEBRERO,CHINCHINA,317088,304322
890.803.239-9,Empresa de Obras Sanitarias de Caldas - Empocaldas S.A E.S.P,2023,FEBRERO,FILADELFIA,13446,12603
890.803.239-9,Empresa de Obras Sanitarias de Caldas - Empocaldas S.A E.S.P,2023,FEBRERO,GUARINOCITO,20913,0
890.803.239-9,Empresa de Obras Sanitarias de Caldas - Empocaldas S.A E.S.P,2023,FEBRERO,KILOMETRO 41,8554,3325
890.803.239-9,Empresa de Obras Sanitarias de Caldas - Empocaldas S.A E.S.P,2023,FEBRERO,LA DORADA,391862,309379
890.803.239-9,Empresa de Obras Sanitarias de Caldas - Empocaldas S.A E.S.P,2023,FEBRERO,MANZANARES,23162,18242
890.803.239-9,Empresa de Obras Sanitarias de Caldas - Empocaldas S.A E.S.P,2023,FEBRERO,MARMATO,25783,11882
890.803.239-9,Empresa de Obras Sanitarias de Caldas - Empocaldas S.A E.S.P,2023,FEBRERO,MARQUETALIA,23634,20293
890.803.239-9,Empresa de Obras Sanitarias de Caldas - Empocaldas S.A E.S.P,2023,FEBRERO,MARULANDA,2720,2647
890.803.239-9,Empresa de Obras Sanitarias de Caldas - Empocaldas S.A E.S.P,2023,FEBRERO,NEIRA,41897,39241
890.803.239-9,Empresa de Obras Sanitarias de Caldas - Empocaldas S.A E.S.P,2023,FEBRERO,PALESTINA,20358,15960
890.803.239-9,Empresa de Obras Sanitarias de Caldas - Empocaldas S.A E.S.P,2023,FEBRERO,RIOSUCIO,73602,68765
890.803.239-9,Empresa de Obras Sanitarias de Caldas - Empocaldas S.A E.S.P,2023,FEBRERO,RISARALDA,19635,14692
890.803.239-9,Empresa de Obras Sanitarias de Caldas - Empocaldas S.A E.S.P,2023,FEBRERO,SALAMINA,37058,36413
890.803.239-9,Empresa de Obras Sanitarias de Caldas - Empocaldas S.A E.S.P,2023,FEBRERO,SAMANA,19708,16970
890.803.239-9,Empresa de Obras Sanitarias de Caldas - Empocaldas S.A E.S.P,2023,FEBRERO,SAN JOSE,7557,4413
890.803.239-9,Empresa de Obras Sanitarias de Caldas - Empocaldas S.A E.S.P,2023,FEBRERO,SUPIA,74987,62023
890.803.239-9,Empresa de Obras Sanitarias de Caldas - Empocaldas S.A E.S.P,2023,FEBRERO,VICTORIA,16530,14312
890.803.239-9,Empresa de Obras Sanitarias de Caldas - Empocaldas S.A E.S.P,2023,FEBRERO,VITERBO,56332,47610
890.803.239-9,Empresa de Obras Sanitarias de Caldas - Empocaldas S.A E.S.P,2023,MARZO,AGUADAS,39967,38020
890.803.239-9,Empresa de Obras Sanitarias de Caldas - Empocaldas S.A E.S.P,2023,MARZO,ANSERMA,68257,66202
890.803.239-9,Empresa de Obras Sanitarias de Caldas - Empocaldas S.A E.S.P,2023,MARZO,ARAUCA,19324,16789
890.803.239-9,Empresa de Obras Sanitarias de Caldas - Empocaldas S.A E.S.P,2023,MARZO,ARMA,5070,3668
890.803.239-9,Empresa de Obras Sanitarias de Caldas - Empocaldas S.A E.S.P,2023,MARZO,BELALCAZAR,19047,14103
890.803.239-9,Empresa de Obras Sanitarias de Caldas - Empocaldas S.A E.S.P,2023,MARZO,CHINCHINA,277334,268233
890.803.239-9,Empresa de Obras Sanitarias de Caldas - Empocaldas S.A E.S.P,2023,MARZO,FILADELFIA,12037,11291
890.803.239-9,Empresa de Obras Sanitarias de Caldas - Empocaldas S.A E.S.P,2023,MARZO,GUARINOCITO,18661,0
890.803.239-9,Empresa de Obras Sanitarias de Caldas - Empocaldas S.A E.S.P,2023,MARZO,KILOMETRO 41,7855,3073
890.803.239-9,Empresa de Obras Sanitarias de Caldas - Empocaldas S.A E.S.P,2023,MARZO,LA DORADA,382476,299555
890.803.239-9,Empresa de Obras Sanitarias de Caldas - Empocaldas S.A E.S.P,2023,MARZO,MANZANARES,21192,17361
890.803.239-9,Empresa de Obras Sanitarias de Caldas - Empocaldas S.A E.S.P,2023,MARZO,MARMATO,25196,11419
890.803.239-9,Empresa de Obras Sanitarias de Caldas - Empocaldas S.A E.S.P,2023,MARZO,MARQUETALIA,22021,18522
890.803.239-9,Empresa de Obras Sanitarias de Caldas - Empocaldas S.A E.S.P,2023,MARZO,MARULANDA,2395,2342
890.803.239-9,Empresa de Obras Sanitarias de Caldas - Empocaldas S.A E.S.P,2023,MARZO,NEIRA,41156,38869
890.803.239-9,Empresa de Obras Sanitarias de Caldas - Empocaldas S.A E.S.P,2023,MARZO,PALESTINA,18156,14881
890.803.239-9,Empresa de Obras Sanitarias de Caldas - Empocaldas S.A E.S.P,2023,MARZO,RIOSUCIO,63454,59365
890.803.239-9,Empresa de Obras Sanitarias de Caldas - Empocaldas S.A E.S.P,2023,MARZO,RISARALDA,17257,13181
890.803.239-9,Empresa de Obras Sanitarias de Caldas - Empocaldas S.A E.S.P,2023,MARZO,SALAMINA,31357,30689
890.803.239-9,Empresa de Obras Sanitarias de Caldas - Empocaldas S.A E.S.P,2023,MARZO,SAMANA,19097,16614
890.803.239-9,Empresa de Obras Sanitarias de Caldas - Empocaldas S.A E.S.P,2023,MARZO,SAN JOSE,7164,4235
890.803.239-9,Empresa de Obras Sanitarias de Caldas - Empocaldas S.A E.S.P,2023,MARZO,SUPIA,66095,54890
890.803.239-9,Empresa de Obras Sanitarias de Caldas - Empocaldas S.A E.S.P,2023,MARZO,VICTORIA,15327,13327
890.803.239-9,Empresa de Obras Sanitarias de Caldas - Empocaldas S.A E.S.P,2023,MARZO,VITERBO,54278,47610
890.803.239-9,Empresa de Obras Sanitarias de Caldas - Empocaldas S.A E.S.P,2023,ABRIL,AGUADAS,43306,41009
890.803.239-9,Empresa de Obras Sanitarias de Caldas - Empocaldas S.A E.S.P,2023,ABRIL,ANSERMA,68863,66680
890.803.239-9,Empresa de Obras Sanitarias de Caldas - Empocaldas S.A E.S.P,2023,ABRIL,ARAUCA,20819,18232
890.803.239-9,Empresa de Obras Sanitarias de Caldas - Empocaldas S.A E.S.P,2023,ABRIL,ARMA,5175,3791
890.803.239-9,Empresa de Obras Sanitarias de Caldas - Empocaldas S.A E.S.P,2023,ABRIL,BELALCAZAR,21530,15734
890.803.239-9,Empresa de Obras Sanitarias de Caldas - Empocaldas S.A E.S.P,2023,ABRIL,CHINCHINA,298038,288187
890.803.239-9,Empresa de Obras Sanitarias de Caldas - Empocaldas S.A E.S.P,2023,ABRIL,FILADELFIA,13281,12531
890.803.239-9,Empresa de Obras Sanitarias de Caldas - Empocaldas S.A E.S.P,2023,ABRIL,GUARINOCITO,20238,0
890.803.239-9,Empresa de Obras Sanitarias de Caldas - Empocaldas S.A E.S.P,2023,ABRIL,KILOMETRO 41,7770,3189
890.803.239-9,Empresa de Obras Sanitarias de Caldas - Empocaldas S.A E.S.P,2023,ABRIL,LA DORADA,371841,292641
890.803.239-9,Empresa de Obras Sanitarias de Caldas - Empocaldas S.A E.S.P,2023,ABRIL,MANZANARES,23998,19178
890.803.239-9,Empresa de Obras Sanitarias de Caldas - Empocaldas S.A E.S.P,2023,ABRIL,MARMATO,27585,14240
890.803.239-9,Empresa de Obras Sanitarias de Caldas - Empocaldas S.A E.S.P,2023,ABRIL,MARQUETALIA,23738,20092
890.803.239-9,Empresa de Obras Sanitarias de Caldas - Empocaldas S.A E.S.P,2023,ABRIL,MARULANDA,2440,2380
890.803.239-9,Empresa de Obras Sanitarias de Caldas - Empocaldas S.A E.S.P,2023,ABRIL,NEIRA,44229,41756
890.803.239-9,Empresa de Obras Sanitarias de Caldas - Empocaldas S.A E.S.P,2023,ABRIL,PALESTINA,19736,15879
890.803.239-9,Empresa de Obras Sanitarias de Caldas - Empocaldas S.A E.S.P,2023,ABRIL,RIOSUCIO,70263,65833
890.803.239-9,Empresa de Obras Sanitarias de Caldas - Empocaldas S.A E.S.P,2023,ABRIL,RISARALDA,19355,14538
890.803.239-9,Empresa de Obras Sanitarias de Caldas - Empocaldas S.A E.S.P,2023,ABRIL,SALAMINA,37761,36816
890.803.239-9,Empresa de Obras Sanitarias de Caldas - Empocaldas S.A E.S.P,2023,ABRIL,SAMANA,21883,18925
890.803.239-9,Empresa de Obras Sanitarias de Caldas - Empocaldas S.A E.S.P,2023,ABRIL,SAN JOSE,6854,4062
890.803.239-9,Empresa de Obras Sanitarias de Caldas - Empocaldas S.A E.S.P,2023,ABRIL,SUPIA,75371,62328
890.803.239-9,Empresa de Obras Sanitarias de Caldas - Empocaldas S.A E.S.P,2023,ABRIL,VICTORIA,16737,14660
890.803.239-9,Empresa de Obras Sanitarias de Caldas - Empocaldas S.A E.S.P,2023,ABRIL,VITERBO,57745,48516
890.803.239-9,Empresa de Obras Sanitarias de Caldas - Empocaldas S.A E.S.P,2023,MAYO,AGUADAS,43068,40654
890.803.239-9,Empresa de Obras Sanitarias de Caldas - Empocaldas S.A E.S.P,2023,MAYO,ANSERMA,70983,68840
890.803.239-9,Empresa de Obras Sanitarias de Caldas - Empocaldas S.A E.S.P,2023,MAYO,ARAUCA,20254,17759
890.803.239-9,Empresa de Obras Sanitarias de Caldas - Empocaldas S.A E.S.P,2023,MAYO,ARMA,5137,3741
890.803.239-9,Empresa de Obras Sanitarias de Caldas - Empocaldas S.A E.S.P,2023,MAYO,BELALCAZAR,21681,16016
890.803.239-9,Empresa de Obras Sanitarias de Caldas - Empocaldas S.A E.S.P,2023,MAYO,CHINCHINA,299846,286174
890.803.239-9,Empresa de Obras Sanitarias de Caldas - Empocaldas S.A E.S.P,2023,MAYO,FILADELFIA,13502,12671
890.803.239-9,Empresa de Obras Sanitarias de Caldas - Empocaldas S.A E.S.P,2023,MAYO,GUARINOCITO,20530,0
890.803.239-9,Empresa de Obras Sanitarias de Caldas - Empocaldas S.A E.S.P,2023,MAYO,KILOMETRO 41,8176,3221
890.803.239-9,Empresa de Obras Sanitarias de Caldas - Empocaldas S.A E.S.P,2023,MAYO,LA DORADA,375710,298985
890.803.239-9,Empresa de Obras Sanitarias de Caldas - Empocaldas S.A E.S.P,2023,MAYO,MANZANARES,23216,19167
890.803.239-9,Empresa de Obras Sanitarias de Caldas - Empocaldas S.A E.S.P,2023,MAYO,MARMATO,25907,13406
890.803.239-9,Empresa de Obras Sanitarias de Caldas - Empocaldas S.A E.S.P,2023,MAYO,MARQUETALIA,22631,19134
890.803.239-9,Empresa de Obras Sanitarias de Caldas - Empocaldas S.A E.S.P,2023,MAYO,MARULANDA,2373,2319
890.803.239-9,Empresa de Obras Sanitarias de Caldas - Empocaldas S.A E.S.P,2023,MAYO,NEIRA,43863,41064
890.803.239-9,Empresa de Obras Sanitarias de Caldas - Empocaldas S.A E.S.P,2023,MAYO,PALESTINA,20313,16489
890.803.239-9,Empresa de Obras Sanitarias de Caldas - Empocaldas S.A E.S.P,2023,MAYO,RIOSUCIO,68259,63722
890.803.239-9,Empresa de Obras Sanitarias de Caldas - Empocaldas S.A E.S.P,2023,MAYO,RISARALDA,20145,14014
890.803.239-9,Empresa de Obras Sanitarias de Caldas - Empocaldas S.A E.S.P,2023,MAYO,SALAMINA,33765,32976
890.803.239-9,Empresa de Obras Sanitarias de Caldas - Empocaldas S.A E.S.P,2023,MAYO,SAMANA,19979,17332
890.803.239-9,Empresa de Obras Sanitarias de Caldas - Empocaldas S.A E.S.P,2023,MAYO,SAN JOSE,7220,4369
890.803.239-9,Empresa de Obras Sanitarias de Caldas - Empocaldas S.A E.S.P,2023,MAYO,SUPIA,68848,57453
890.803.239-9,Empresa de Obras Sanitarias de Caldas - Empocaldas S.A E.S.P,2023,MAYO,VICTORIA,17341,15176
890.803.239-9,Empresa de Obras Sanitarias de Caldas - Empocaldas S.A E.S.P,2023,MAYO,VITERBO,58409,48789
